facility	level	timestamp	caller	line

kern	notice	0.000000	Task(0)	Linux version 6.8.0-87-generic (buildd@lcy02-amd64-034) (x86_64-linux-gnu-gcc-13 (Ubuntu 13.3.0-6ubuntu2~24.04) 13.3.0, GNU ld (GNU Binutils for Ubuntu) 2.42) #88-Ubuntu SMP PREEMPT_DYNAMIC Sat Oct 11 09:28:41 UTC 2025 (Ubuntu 6.8.0-87.88-generic 6.8.12)
kern	info	0.000000	Task(0)	Command line: BOOT_IMAGE=/vmlinuz-6.8.0-87-generic root=/dev/mapper/ubuntu--vg-ubuntu--lv ro
kern	info	0.000000	Task(0)	KERNEL supported cpus:
kern	info	0.000000	Task(0)	  Intel GenuineIntel
kern	info	0.000000	Task(0)	  AMD AuthenticAMD
kern	info	0.000000	Task(0)	  Hygon HygonGenuine
kern	info	0.000000	Task(0)	  Centaur CentaurHauls
kern	info	0.000000	Task(0)	  zhaoxin   Shanghai  
kern	warn	0.000000	Task(0)	[Firmware Bug]: TSC doesn't count with P0 frequency!
kern	info	0.000000	Task(0)	BIOS-provided physical RAM map:
kern	info	0.000000	Task(0)	BIOS-e820: [mem 0x0000000000000000-0x000000000009e7ff] usable
kern	info	0.000000	Task(0)	BIOS-e820: [mem 0x000000000009e800-0x000000000009ffff] reserved
kern	info	0.000000	Task(0)	BIOS-e820: [mem 0x00000000000dc000-0x00000000000fffff] reserved
kern	info	0.000000	Task(0)	BIOS-e820: [mem 0x0000000000100000-0x00000000bfecffff] usable
kern	info	0.000000	Task(0)	BIOS-e820: [mem 0x00000000bfed0000-0x00000000bfefefff] ACPI data
kern	info	0.000000	Task(0)	BIOS-e820: [mem 0x00000000bfeff000-0x00000000bfefffff] ACPI NVS
kern	info	0.000000	Task(0)	BIOS-e820: [mem 0x00000000bff00000-0x00000000bfffffff] usable
kern	info	0.000000	Task(0)	BIOS-e820: [mem 0x00000000f0000000-0x00000000f7ffffff] reserved
kern	info	0.000000	Task(0)	BIOS-e820: [mem 0x00000000fec00000-0x00000000fec0ffff] reserved
kern	info	0.000000	Task(0)	BIOS-e820: [mem 0x00000000fee00000-0x00000000fee00fff] reserved
kern	info	0.000000	Task(0)	BIOS-e820: [mem 0x00000000fffe0000-0x00000000ffffffff] reserved
kern	info	0.000000	Task(0)	BIOS-e820: [mem 0x0000000100000000-0x00000001dfffffff] usable
kern	info	0.000000	Task(0)	NX (Execute Disable) protection: active
kern	info	0.000000	Task(0)	APIC: Static calls initialized
kern	info	0.000000	Task(0)	SMBIOS 2.7 present.
kern	info	0.000000	Task(0)	DMI: VMware, Inc. VMware Virtual Platform/440BX Desktop Reference Platform, BIOS 6.00 11/12/2020
kern	info	0.000000	Task(0)	vmware: hypercall mode: 0x01
kern	info	0.000000	Task(0)	Hypervisor detected: VMware
kern	info	0.000000	Task(0)	vmware: TSC freq read from hypervisor : 3593.169 MHz
kern	info	0.000000	Task(0)	vmware: Host bus clock speed read from hypervisor : 66000000 Hz
kern	info	0.000000	Task(0)	vmware: using clock offset of 15989978133 ns
kern	info	0.000032	Task(0)	tsc: Detected 3593.169 MHz processor
kern	debug	0.002148	Task(0)	e820: update [mem 0x00000000-0x00000fff] usable ==> reserved
kern	debug	0.002155	Task(0)	e820: remove [mem 0x000a0000-0x000fffff] usable
kern	info	0.002160	Task(0)	last_pfn = 0x1e0000 max_arch_pfn = 0x400000000
kern	info	0.002194	Task(0)	total RAM covered: 130048M
kern	info	0.002301	Task(0)	Found optimal setting for mtrr clean up
kern	info	0.002301	Task(0)	 gran_size: 64K 	chunk_size: 64K 	num_reg: 7  	lose cover RAM: 0G
kern	info	0.002305	Task(0)	MTRR map: 7 entries (5 fixed + 2 variable; max 21), built from 8 variable MTRRs
kern	info	0.002308	Task(0)	x86/PAT: Configuration [0-7]: WB  WC  UC- UC  WB  WP  UC- WT  
kern	debug	0.002359	Task(0)	e820: update [mem 0xc0000000-0xffffffff] usable ==> reserved
kern	info	0.002365	Task(0)	last_pfn = 0xc0000 max_arch_pfn = 0x400000000
kern	info	0.004342	Task(0)	found SMP MP-table at [mem 0x000f6a70-0x000f6a7f]
kern	info	0.004358	Task(0)	Using GB pages for direct mapping
kern	info	0.004434	Task(0)	RAMDISK: [mem 0x2f5d1000-0x33adffff]
kern	info	0.005300	Task(0)	ACPI: Early table checksum verification disabled
kern	info	0.005307	Task(0)	ACPI: RSDP 0x00000000000F6A00 000024 (v02 PTLTD )
kern	info	0.005314	Task(0)	ACPI: XSDT 0x00000000BFEDB633 00005C (v01 INTEL  440BX    06040000 VMW  01324272)
kern	info	0.005319	Task(0)	ACPI: FACP 0x00000000BFEFEE73 0000F4 (v04 INTEL  440BX    06040000 PTL  000F4240)
kern	info	0.005351	Task(0)	ACPI: DSDT 0x00000000BFEDD001 021E72 (v01 PTLTD  Custom   06040000 MSFT 03000001)
kern	info	0.005380	Task(0)	ACPI: FACS 0x00000000BFEFFFC0 000040
kern	info	0.005384	Task(0)	ACPI: FACS 0x00000000BFEFFFC0 000040
kern	info	0.005386	Task(0)	ACPI: BOOT 0x00000000BFEDCFB4 000028 (v01 PTLTD  $SBFTBL$ 06040000  LTP 00000001)
kern	info	0.005388	Task(0)	ACPI: APIC 0x00000000BFEDC872 000742 (v01 PTLTD  ? APIC   06040000  LTP 00000000)
kern	info	0.005390	Task(0)	ACPI: MCFG 0x00000000BFEDC836 00003C (v01 PTLTD  $PCITBL$ 06040000  LTP 00000001)
kern	info	0.005392	Task(0)	ACPI: SRAT 0x00000000BFEDB72F 0008D0 (v02 VMWARE MEMPLUG  06040000 VMW  00000001)
kern	info	0.005394	Task(0)	ACPI: HPET 0x00000000BFEDB6F7 000038 (v01 VMWARE VMW HPET 06040000 VMW  00000001)
kern	info	0.005395	Task(0)	ACPI: WAET 0x00000000BFEDB6CF 000028 (v01 VMWARE VMW WAET 06040000 VMW  00000001)
kern	info	0.005397	Task(0)	ACPI: Reserving FACP table memory at [mem 0xbfefee73-0xbfefef66]
kern	info	0.005398	Task(0)	ACPI: Reserving DSDT table memory at [mem 0xbfedd001-0xbfefee72]
kern	info	0.005399	Task(0)	ACPI: Reserving FACS table memory at [mem 0xbfefffc0-0xbfefffff]
kern	info	0.005400	Task(0)	ACPI: Reserving FACS table memory at [mem 0xbfefffc0-0xbfefffff]
kern	info	0.005400	Task(0)	ACPI: Reserving BOOT table memory at [mem 0xbfedcfb4-0xbfedcfdb]
kern	info	0.005401	Task(0)	ACPI: Reserving APIC table memory at [mem 0xbfedc872-0xbfedcfb3]
kern	info	0.005401	Task(0)	ACPI: Reserving MCFG table memory at [mem 0xbfedc836-0xbfedc871]
kern	info	0.005402	Task(0)	ACPI: Reserving SRAT table memory at [mem 0xbfedb72f-0xbfedbffe]
kern	info	0.005402	Task(0)	ACPI: Reserving HPET table memory at [mem 0xbfedb6f7-0xbfedb72e]
kern	info	0.005403	Task(0)	ACPI: Reserving WAET table memory at [mem 0xbfedb6cf-0xbfedb6f6]
kern	info	0.005539	Task(0)	SRAT: PXM 0 -> APIC 0x00 -> Node 0
kern	info	0.005541	Task(0)	SRAT: PXM 0 -> APIC 0x02 -> Node 0
kern	info	0.005542	Task(0)	SRAT: PXM 0 -> APIC 0x04 -> Node 0
kern	info	0.005543	Task(0)	SRAT: PXM 0 -> APIC 0x06 -> Node 0
kern	info	0.005543	Task(0)	SRAT: PXM 0 -> APIC 0x08 -> Node 0
kern	info	0.005543	Task(0)	SRAT: PXM 0 -> APIC 0x0a -> Node 0
kern	info	0.005544	Task(0)	SRAT: PXM 0 -> APIC 0x0c -> Node 0
kern	info	0.005544	Task(0)	SRAT: PXM 0 -> APIC 0x0e -> Node 0
kern	info	0.005545	Task(0)	SRAT: PXM 0 -> APIC 0x10 -> Node 0
kern	info	0.005545	Task(0)	SRAT: PXM 0 -> APIC 0x12 -> Node 0
kern	info	0.005546	Task(0)	SRAT: PXM 0 -> APIC 0x14 -> Node 0
kern	info	0.005546	Task(0)	SRAT: PXM 0 -> APIC 0x16 -> Node 0
kern	info	0.005547	Task(0)	SRAT: PXM 0 -> APIC 0x18 -> Node 0
kern	info	0.005547	Task(0)	SRAT: PXM 0 -> APIC 0x1a -> Node 0
kern	info	0.005548	Task(0)	SRAT: PXM 0 -> APIC 0x1c -> Node 0
kern	info	0.005548	Task(0)	SRAT: PXM 0 -> APIC 0x1e -> Node 0
kern	info	0.005549	Task(0)	SRAT: PXM 0 -> APIC 0x20 -> Node 0
kern	info	0.005549	Task(0)	SRAT: PXM 0 -> APIC 0x22 -> Node 0
kern	info	0.005549	Task(0)	SRAT: PXM 0 -> APIC 0x24 -> Node 0
kern	info	0.005550	Task(0)	SRAT: PXM 0 -> APIC 0x26 -> Node 0
kern	info	0.005550	Task(0)	SRAT: PXM 0 -> APIC 0x28 -> Node 0
kern	info	0.005551	Task(0)	SRAT: PXM 0 -> APIC 0x2a -> Node 0
kern	info	0.005551	Task(0)	SRAT: PXM 0 -> APIC 0x2c -> Node 0
kern	info	0.005552	Task(0)	SRAT: PXM 0 -> APIC 0x2e -> Node 0
kern	info	0.005552	Task(0)	SRAT: PXM 0 -> APIC 0x30 -> Node 0
kern	info	0.005552	Task(0)	SRAT: PXM 0 -> APIC 0x32 -> Node 0
kern	info	0.005553	Task(0)	SRAT: PXM 0 -> APIC 0x34 -> Node 0
kern	info	0.005553	Task(0)	SRAT: PXM 0 -> APIC 0x36 -> Node 0
kern	info	0.005554	Task(0)	SRAT: PXM 0 -> APIC 0x38 -> Node 0
kern	info	0.005554	Task(0)	SRAT: PXM 0 -> APIC 0x3a -> Node 0
kern	info	0.005555	Task(0)	SRAT: PXM 0 -> APIC 0x3c -> Node 0
kern	info	0.005555	Task(0)	SRAT: PXM 0 -> APIC 0x3e -> Node 0
kern	info	0.005555	Task(0)	SRAT: PXM 0 -> APIC 0x40 -> Node 0
kern	info	0.005556	Task(0)	SRAT: PXM 0 -> APIC 0x42 -> Node 0
kern	info	0.005556	Task(0)	SRAT: PXM 0 -> APIC 0x44 -> Node 0
kern	info	0.005557	Task(0)	SRAT: PXM 0 -> APIC 0x46 -> Node 0
kern	info	0.005557	Task(0)	SRAT: PXM 0 -> APIC 0x48 -> Node 0
kern	info	0.005558	Task(0)	SRAT: PXM 0 -> APIC 0x4a -> Node 0
kern	info	0.005558	Task(0)	SRAT: PXM 0 -> APIC 0x4c -> Node 0
kern	info	0.005558	Task(0)	SRAT: PXM 0 -> APIC 0x4e -> Node 0
kern	info	0.005559	Task(0)	SRAT: PXM 0 -> APIC 0x50 -> Node 0
kern	info	0.005559	Task(0)	SRAT: PXM 0 -> APIC 0x52 -> Node 0
kern	info	0.005560	Task(0)	SRAT: PXM 0 -> APIC 0x54 -> Node 0
kern	info	0.005560	Task(0)	SRAT: PXM 0 -> APIC 0x56 -> Node 0
kern	info	0.005561	Task(0)	SRAT: PXM 0 -> APIC 0x58 -> Node 0
kern	info	0.005561	Task(0)	SRAT: PXM 0 -> APIC 0x5a -> Node 0
kern	info	0.005561	Task(0)	SRAT: PXM 0 -> APIC 0x5c -> Node 0
kern	info	0.005562	Task(0)	SRAT: PXM 0 -> APIC 0x5e -> Node 0
kern	info	0.005562	Task(0)	SRAT: PXM 0 -> APIC 0x60 -> Node 0
kern	info	0.005563	Task(0)	SRAT: PXM 0 -> APIC 0x62 -> Node 0
kern	info	0.005563	Task(0)	SRAT: PXM 0 -> APIC 0x64 -> Node 0
kern	info	0.005564	Task(0)	SRAT: PXM 0 -> APIC 0x66 -> Node 0
kern	info	0.005564	Task(0)	SRAT: PXM 0 -> APIC 0x68 -> Node 0
kern	info	0.005565	Task(0)	SRAT: PXM 0 -> APIC 0x6a -> Node 0
kern	info	0.005565	Task(0)	SRAT: PXM 0 -> APIC 0x6c -> Node 0
kern	info	0.005565	Task(0)	SRAT: PXM 0 -> APIC 0x6e -> Node 0
kern	info	0.005566	Task(0)	SRAT: PXM 0 -> APIC 0x70 -> Node 0
kern	info	0.005566	Task(0)	SRAT: PXM 0 -> APIC 0x72 -> Node 0
kern	info	0.005567	Task(0)	SRAT: PXM 0 -> APIC 0x74 -> Node 0
kern	info	0.005567	Task(0)	SRAT: PXM 0 -> APIC 0x76 -> Node 0
kern	info	0.005568	Task(0)	SRAT: PXM 0 -> APIC 0x78 -> Node 0
kern	info	0.005568	Task(0)	SRAT: PXM 0 -> APIC 0x7a -> Node 0
kern	info	0.005568	Task(0)	SRAT: PXM 0 -> APIC 0x7c -> Node 0
kern	info	0.005569	Task(0)	SRAT: PXM 0 -> APIC 0x7e -> Node 0
kern	info	0.005569	Task(0)	SRAT: PXM 0 -> APIC 0x80 -> Node 0
kern	info	0.005570	Task(0)	SRAT: PXM 0 -> APIC 0x82 -> Node 0
kern	info	0.005570	Task(0)	SRAT: PXM 0 -> APIC 0x84 -> Node 0
kern	info	0.005571	Task(0)	SRAT: PXM 0 -> APIC 0x86 -> Node 0
kern	info	0.005571	Task(0)	SRAT: PXM 0 -> APIC 0x88 -> Node 0
kern	info	0.005571	Task(0)	SRAT: PXM 0 -> APIC 0x8a -> Node 0
kern	info	0.005572	Task(0)	SRAT: PXM 0 -> APIC 0x8c -> Node 0
kern	info	0.005572	Task(0)	SRAT: PXM 0 -> APIC 0x8e -> Node 0
kern	info	0.005573	Task(0)	SRAT: PXM 0 -> APIC 0x90 -> Node 0
kern	info	0.005573	Task(0)	SRAT: PXM 0 -> APIC 0x92 -> Node 0
kern	info	0.005574	Task(0)	SRAT: PXM 0 -> APIC 0x94 -> Node 0
kern	info	0.005574	Task(0)	SRAT: PXM 0 -> APIC 0x96 -> Node 0
kern	info	0.005574	Task(0)	SRAT: PXM 0 -> APIC 0x98 -> Node 0
kern	info	0.005575	Task(0)	SRAT: PXM 0 -> APIC 0x9a -> Node 0
kern	info	0.005575	Task(0)	SRAT: PXM 0 -> APIC 0x9c -> Node 0
kern	info	0.005576	Task(0)	SRAT: PXM 0 -> APIC 0x9e -> Node 0
kern	info	0.005576	Task(0)	SRAT: PXM 0 -> APIC 0xa0 -> Node 0
kern	info	0.005577	Task(0)	SRAT: PXM 0 -> APIC 0xa2 -> Node 0
kern	info	0.005577	Task(0)	SRAT: PXM 0 -> APIC 0xa4 -> Node 0
kern	info	0.005577	Task(0)	SRAT: PXM 0 -> APIC 0xa6 -> Node 0
kern	info	0.005578	Task(0)	SRAT: PXM 0 -> APIC 0xa8 -> Node 0
kern	info	0.005578	Task(0)	SRAT: PXM 0 -> APIC 0xaa -> Node 0
kern	info	0.005579	Task(0)	SRAT: PXM 0 -> APIC 0xac -> Node 0
kern	info	0.005579	Task(0)	SRAT: PXM 0 -> APIC 0xae -> Node 0
kern	info	0.005580	Task(0)	SRAT: PXM 0 -> APIC 0xb0 -> Node 0
kern	info	0.005580	Task(0)	SRAT: PXM 0 -> APIC 0xb2 -> Node 0
kern	info	0.005581	Task(0)	SRAT: PXM 0 -> APIC 0xb4 -> Node 0
kern	info	0.005581	Task(0)	SRAT: PXM 0 -> APIC 0xb6 -> Node 0
kern	info	0.005581	Task(0)	SRAT: PXM 0 -> APIC 0xb8 -> Node 0
kern	info	0.005582	Task(0)	SRAT: PXM 0 -> APIC 0xba -> Node 0
kern	info	0.005582	Task(0)	SRAT: PXM 0 -> APIC 0xbc -> Node 0
kern	info	0.005583	Task(0)	SRAT: PXM 0 -> APIC 0xbe -> Node 0
kern	info	0.005583	Task(0)	SRAT: PXM 0 -> APIC 0xc0 -> Node 0
kern	info	0.005584	Task(0)	SRAT: PXM 0 -> APIC 0xc2 -> Node 0
kern	info	0.005584	Task(0)	SRAT: PXM 0 -> APIC 0xc4 -> Node 0
kern	info	0.005584	Task(0)	SRAT: PXM 0 -> APIC 0xc6 -> Node 0
kern	info	0.005585	Task(0)	SRAT: PXM 0 -> APIC 0xc8 -> Node 0
kern	info	0.005585	Task(0)	SRAT: PXM 0 -> APIC 0xca -> Node 0
kern	info	0.005586	Task(0)	SRAT: PXM 0 -> APIC 0xcc -> Node 0
kern	info	0.005586	Task(0)	SRAT: PXM 0 -> APIC 0xce -> Node 0
kern	info	0.005587	Task(0)	SRAT: PXM 0 -> APIC 0xd0 -> Node 0
kern	info	0.005587	Task(0)	SRAT: PXM 0 -> APIC 0xd2 -> Node 0
kern	info	0.005587	Task(0)	SRAT: PXM 0 -> APIC 0xd4 -> Node 0
kern	info	0.005588	Task(0)	SRAT: PXM 0 -> APIC 0xd6 -> Node 0
kern	info	0.005588	Task(0)	SRAT: PXM 0 -> APIC 0xd8 -> Node 0
kern	info	0.005589	Task(0)	SRAT: PXM 0 -> APIC 0xda -> Node 0
kern	info	0.005589	Task(0)	SRAT: PXM 0 -> APIC 0xdc -> Node 0
kern	info	0.005590	Task(0)	SRAT: PXM 0 -> APIC 0xde -> Node 0
kern	info	0.005590	Task(0)	SRAT: PXM 0 -> APIC 0xe0 -> Node 0
kern	info	0.005590	Task(0)	SRAT: PXM 0 -> APIC 0xe2 -> Node 0
kern	info	0.005591	Task(0)	SRAT: PXM 0 -> APIC 0xe4 -> Node 0
kern	info	0.005591	Task(0)	SRAT: PXM 0 -> APIC 0xe6 -> Node 0
kern	info	0.005592	Task(0)	SRAT: PXM 0 -> APIC 0xe8 -> Node 0
kern	info	0.005592	Task(0)	SRAT: PXM 0 -> APIC 0xea -> Node 0
kern	info	0.005593	Task(0)	SRAT: PXM 0 -> APIC 0xec -> Node 0
kern	info	0.005593	Task(0)	SRAT: PXM 0 -> APIC 0xee -> Node 0
kern	info	0.005593	Task(0)	SRAT: PXM 0 -> APIC 0xf0 -> Node 0
kern	info	0.005594	Task(0)	SRAT: PXM 0 -> APIC 0xf2 -> Node 0
kern	info	0.005594	Task(0)	SRAT: PXM 0 -> APIC 0xf4 -> Node 0
kern	info	0.005595	Task(0)	SRAT: PXM 0 -> APIC 0xf6 -> Node 0
kern	info	0.005595	Task(0)	SRAT: PXM 0 -> APIC 0xf8 -> Node 0
kern	info	0.005596	Task(0)	SRAT: PXM 0 -> APIC 0xfa -> Node 0
kern	info	0.005596	Task(0)	SRAT: PXM 0 -> APIC 0xfc -> Node 0
kern	info	0.005597	Task(0)	SRAT: PXM 0 -> APIC 0xfe -> Node 0
kern	info	0.005598	Task(0)	ACPI: SRAT: Node 0 PXM 0 [mem 0x00000000-0x0009ffff]
kern	info	0.005600	Task(0)	ACPI: SRAT: Node 0 PXM 0 [mem 0x00100000-0xbfffffff]
kern	info	0.005601	Task(0)	ACPI: SRAT: Node 0 PXM 0 [mem 0x100000000-0x1dfffffff]
kern	info	0.005601	Task(0)	ACPI: SRAT: Node 0 PXM 0 [mem 0x1e0000000-0x1a3fffffff] hotplug
kern	info	0.005604	Task(0)	NUMA: Node 0 [mem 0x00000000-0x0009ffff] + [mem 0x00100000-0xbfffffff] -> [mem 0x00000000-0xbfffffff]
kern	info	0.005606	Task(0)	NUMA: Node 0 [mem 0x00000000-0xbfffffff] + [mem 0x100000000-0x1dfffffff] -> [mem 0x00000000-0x1dfffffff]
kern	info	0.005611	Task(0)	NODE_DATA(0) allocated [mem 0x1dffd5000-0x1dfffffff]
kern	info	0.007193	Task(0)	Zone ranges:
kern	info	0.007196	Task(0)	  DMA      [mem 0x0000000000001000-0x0000000000ffffff]
kern	info	0.007198	Task(0)	  DMA32    [mem 0x0000000001000000-0x00000000ffffffff]
kern	info	0.007199	Task(0)	  Normal   [mem 0x0000000100000000-0x00000001dfffffff]
kern	info	0.007200	Task(0)	  Device   empty
kern	info	0.007201	Task(0)	Movable zone start for each node
kern	info	0.007202	Task(0)	Early memory node ranges
kern	info	0.007203	Task(0)	  node   0: [mem 0x0000000000001000-0x000000000009dfff]
kern	info	0.007204	Task(0)	  node   0: [mem 0x0000000000100000-0x00000000bfecffff]
kern	info	0.007205	Task(0)	  node   0: [mem 0x00000000bff00000-0x00000000bfffffff]
kern	info	0.007205	Task(0)	  node   0: [mem 0x0000000100000000-0x00000001dfffffff]
kern	info	0.007206	Task(0)	Initmem setup node 0 [mem 0x0000000000001000-0x00000001dfffffff]
kern	info	0.007318	Task(0)	On node 0, zone DMA: 1 pages in unavailable ranges
kern	info	0.009043	Task(0)	On node 0, zone DMA: 98 pages in unavailable ranges
kern	info	0.359743	Task(0)	On node 0, zone DMA32: 48 pages in unavailable ranges
kern	info	0.831356	Task(0)	ACPI: PM-Timer IO Port: 0x1008
kern	info	0.831387	Task(0)	ACPI: LAPIC_NMI (acpi_id[0x00] high edge lint[0x1])
kern	info	0.831390	Task(0)	ACPI: LAPIC_NMI (acpi_id[0x01] high edge lint[0x1])
kern	info	0.831391	Task(0)	ACPI: LAPIC_NMI (acpi_id[0x02] high edge lint[0x1])
kern	info	0.831392	Task(0)	ACPI: LAPIC_NMI (acpi_id[0x03] high edge lint[0x1])
kern	info	0.831393	Task(0)	ACPI: LAPIC_NMI (acpi_id[0x04] high edge lint[0x1])
kern	info	0.831394	Task(0)	ACPI: LAPIC_NMI (acpi_id[0x05] high edge lint[0x1])
kern	info	0.831395	Task(0)	ACPI: LAPIC_NMI (acpi_id[0x06] high edge lint[0x1])
kern	info	0.831396	Task(0)	ACPI: LAPIC_NMI (acpi_id[0x07] high edge lint[0x1])
kern	info	0.831397	Task(0)	ACPI: LAPIC_NMI (acpi_id[0x08] high edge lint[0x1])
kern	info	0.831398	Task(0)	ACPI: LAPIC_NMI (acpi_id[0x09] high edge lint[0x1])
kern	info	0.831399	Task(0)	ACPI: LAPIC_NMI (acpi_id[0x0a] high edge lint[0x1])
kern	info	0.831400	Task(0)	ACPI: LAPIC_NMI (acpi_id[0x0b] high edge lint[0x1])
kern	info	0.831401	Task(0)	ACPI: LAPIC_NMI (acpi_id[0x0c] high edge lint[0x1])
kern	info	0.831402	Task(0)	ACPI: LAPIC_NMI (acpi_id[0x0d] high edge lint[0x1])
kern	info	0.831403	Task(0)	ACPI: LAPIC_NMI (acpi_id[0x0e] high edge lint[0x1])
kern	info	0.831404	Task(0)	ACPI: LAPIC_NMI (acpi_id[0x0f] high edge lint[0x1])
kern	info	0.831405	Task(0)	ACPI: LAPIC_NMI (acpi_id[0x10] high edge lint[0x1])
kern	info	0.831406	Task(0)	ACPI: LAPIC_NMI (acpi_id[0x11] high edge lint[0x1])
kern	info	0.831407	Task(0)	ACPI: LAPIC_NMI (acpi_id[0x12] high edge lint[0x1])
kern	info	0.831408	Task(0)	ACPI: LAPIC_NMI (acpi_id[0x13] high edge lint[0x1])
kern	info	0.831409	Task(0)	ACPI: LAPIC_NMI (acpi_id[0x14] high edge lint[0x1])
kern	info	0.831410	Task(0)	ACPI: LAPIC_NMI (acpi_id[0x15] high edge lint[0x1])
kern	info	0.831410	Task(0)	ACPI: LAPIC_NMI (acpi_id[0x16] high edge lint[0x1])
kern	info	0.831411	Task(0)	ACPI: LAPIC_NMI (acpi_id[0x17] high edge lint[0x1])
kern	info	0.831411	Task(0)	ACPI: LAPIC_NMI (acpi_id[0x18] high edge lint[0x1])
kern	info	0.831412	Task(0)	ACPI: LAPIC_NMI (acpi_id[0x19] high edge lint[0x1])
kern	info	0.831412	Task(0)	ACPI: LAPIC_NMI (acpi_id[0x1a] high edge lint[0x1])
kern	info	0.831413	Task(0)	ACPI: LAPIC_NMI (acpi_id[0x1b] high edge lint[0x1])
kern	info	0.831413	Task(0)	ACPI: LAPIC_NMI (acpi_id[0x1c] high edge lint[0x1])
kern	info	0.831414	Task(0)	ACPI: LAPIC_NMI (acpi_id[0x1d] high edge lint[0x1])
kern	info	0.831414	Task(0)	ACPI: LAPIC_NMI (acpi_id[0x1e] high edge lint[0x1])
kern	info	0.831415	Task(0)	ACPI: LAPIC_NMI (acpi_id[0x1f] high edge lint[0x1])
kern	info	0.831415	Task(0)	ACPI: LAPIC_NMI (acpi_id[0x20] high edge lint[0x1])
kern	info	0.831415	Task(0)	ACPI: LAPIC_NMI (acpi_id[0x21] high edge lint[0x1])
kern	info	0.831416	Task(0)	ACPI: LAPIC_NMI (acpi_id[0x22] high edge lint[0x1])
kern	info	0.831416	Task(0)	ACPI: LAPIC_NMI (acpi_id[0x23] high edge lint[0x1])
kern	info	0.831417	Task(0)	ACPI: LAPIC_NMI (acpi_id[0x24] high edge lint[0x1])
kern	info	0.831417	Task(0)	ACPI: LAPIC_NMI (acpi_id[0x25] high edge lint[0x1])
kern	info	0.831418	Task(0)	ACPI: LAPIC_NMI (acpi_id[0x26] high edge lint[0x1])
kern	info	0.831418	Task(0)	ACPI: LAPIC_NMI (acpi_id[0x27] high edge lint[0x1])
kern	info	0.831419	Task(0)	ACPI: LAPIC_NMI (acpi_id[0x28] high edge lint[0x1])
kern	info	0.831419	Task(0)	ACPI: LAPIC_NMI (acpi_id[0x29] high edge lint[0x1])
kern	info	0.831420	Task(0)	ACPI: LAPIC_NMI (acpi_id[0x2a] high edge lint[0x1])
kern	info	0.831420	Task(0)	ACPI: LAPIC_NMI (acpi_id[0x2b] high edge lint[0x1])
kern	info	0.831421	Task(0)	ACPI: LAPIC_NMI (acpi_id[0x2c] high edge lint[0x1])
kern	info	0.831421	Task(0)	ACPI: LAPIC_NMI (acpi_id[0x2d] high edge lint[0x1])
kern	info	0.831422	Task(0)	ACPI: LAPIC_NMI (acpi_id[0x2e] high edge lint[0x1])
kern	info	0.831422	Task(0)	ACPI: LAPIC_NMI (acpi_id[0x2f] high edge lint[0x1])
kern	info	0.831423	Task(0)	ACPI: LAPIC_NMI (acpi_id[0x30] high edge lint[0x1])
kern	info	0.831423	Task(0)	ACPI: LAPIC_NMI (acpi_id[0x31] high edge lint[0x1])
kern	info	0.831424	Task(0)	ACPI: LAPIC_NMI (acpi_id[0x32] high edge lint[0x1])
kern	info	0.831424	Task(0)	ACPI: LAPIC_NMI (acpi_id[0x33] high edge lint[0x1])
kern	info	0.831424	Task(0)	ACPI: LAPIC_NMI (acpi_id[0x34] high edge lint[0x1])
kern	info	0.831425	Task(0)	ACPI: LAPIC_NMI (acpi_id[0x35] high edge lint[0x1])
kern	info	0.831425	Task(0)	ACPI: LAPIC_NMI (acpi_id[0x36] high edge lint[0x1])
kern	info	0.831426	Task(0)	ACPI: LAPIC_NMI (acpi_id[0x37] high edge lint[0x1])
kern	info	0.831426	Task(0)	ACPI: LAPIC_NMI (acpi_id[0x38] high edge lint[0x1])
kern	info	0.831427	Task(0)	ACPI: LAPIC_NMI (acpi_id[0x39] high edge lint[0x1])
kern	info	0.831427	Task(0)	ACPI: LAPIC_NMI (acpi_id[0x3a] high edge lint[0x1])
kern	info	0.831428	Task(0)	ACPI: LAPIC_NMI (acpi_id[0x3b] high edge lint[0x1])
kern	info	0.831428	Task(0)	ACPI: LAPIC_NMI (acpi_id[0x3c] high edge lint[0x1])
kern	info	0.831429	Task(0)	ACPI: LAPIC_NMI (acpi_id[0x3d] high edge lint[0x1])
kern	info	0.831429	Task(0)	ACPI: LAPIC_NMI (acpi_id[0x3e] high edge lint[0x1])
kern	info	0.831430	Task(0)	ACPI: LAPIC_NMI (acpi_id[0x3f] high edge lint[0x1])
kern	info	0.831430	Task(0)	ACPI: LAPIC_NMI (acpi_id[0x40] high edge lint[0x1])
kern	info	0.831431	Task(0)	ACPI: LAPIC_NMI (acpi_id[0x41] high edge lint[0x1])
kern	info	0.831431	Task(0)	ACPI: LAPIC_NMI (acpi_id[0x42] high edge lint[0x1])
kern	info	0.831431	Task(0)	ACPI: LAPIC_NMI (acpi_id[0x43] high edge lint[0x1])
kern	info	0.831432	Task(0)	ACPI: LAPIC_NMI (acpi_id[0x44] high edge lint[0x1])
kern	info	0.831432	Task(0)	ACPI: LAPIC_NMI (acpi_id[0x45] high edge lint[0x1])
kern	info	0.831433	Task(0)	ACPI: LAPIC_NMI (acpi_id[0x46] high edge lint[0x1])
kern	info	0.831433	Task(0)	ACPI: LAPIC_NMI (acpi_id[0x47] high edge lint[0x1])
kern	info	0.831434	Task(0)	ACPI: LAPIC_NMI (acpi_id[0x48] high edge lint[0x1])
kern	info	0.831434	Task(0)	ACPI: LAPIC_NMI (acpi_id[0x49] high edge lint[0x1])
kern	info	0.831435	Task(0)	ACPI: LAPIC_NMI (acpi_id[0x4a] high edge lint[0x1])
kern	info	0.831435	Task(0)	ACPI: LAPIC_NMI (acpi_id[0x4b] high edge lint[0x1])
kern	info	0.831436	Task(0)	ACPI: LAPIC_NMI (acpi_id[0x4c] high edge lint[0x1])
kern	info	0.831436	Task(0)	ACPI: LAPIC_NMI (acpi_id[0x4d] high edge lint[0x1])
kern	info	0.831437	Task(0)	ACPI: LAPIC_NMI (acpi_id[0x4e] high edge lint[0x1])
kern	info	0.831437	Task(0)	ACPI: LAPIC_NMI (acpi_id[0x4f] high edge lint[0x1])
kern	info	0.831438	Task(0)	ACPI: LAPIC_NMI (acpi_id[0x50] high edge lint[0x1])
kern	info	0.831438	Task(0)	ACPI: LAPIC_NMI (acpi_id[0x51] high edge lint[0x1])
kern	info	0.831439	Task(0)	ACPI: LAPIC_NMI (acpi_id[0x52] high edge lint[0x1])
kern	info	0.831439	Task(0)	ACPI: LAPIC_NMI (acpi_id[0x53] high edge lint[0x1])
kern	info	0.831439	Task(0)	ACPI: LAPIC_NMI (acpi_id[0x54] high edge lint[0x1])
kern	info	0.831440	Task(0)	ACPI: LAPIC_NMI (acpi_id[0x55] high edge lint[0x1])
kern	info	0.831440	Task(0)	ACPI: LAPIC_NMI (acpi_id[0x56] high edge lint[0x1])
kern	info	0.831441	Task(0)	ACPI: LAPIC_NMI (acpi_id[0x57] high edge lint[0x1])
kern	info	0.831441	Task(0)	ACPI: LAPIC_NMI (acpi_id[0x58] high edge lint[0x1])
kern	info	0.831442	Task(0)	ACPI: LAPIC_NMI (acpi_id[0x59] high edge lint[0x1])
kern	info	0.831442	Task(0)	ACPI: LAPIC_NMI (acpi_id[0x5a] high edge lint[0x1])
kern	info	0.831443	Task(0)	ACPI: LAPIC_NMI (acpi_id[0x5b] high edge lint[0x1])
kern	info	0.831443	Task(0)	ACPI: LAPIC_NMI (acpi_id[0x5c] high edge lint[0x1])
kern	info	0.831444	Task(0)	ACPI: LAPIC_NMI (acpi_id[0x5d] high edge lint[0x1])
kern	info	0.831444	Task(0)	ACPI: LAPIC_NMI (acpi_id[0x5e] high edge lint[0x1])
kern	info	0.831445	Task(0)	ACPI: LAPIC_NMI (acpi_id[0x5f] high edge lint[0x1])
kern	info	0.831445	Task(0)	ACPI: LAPIC_NMI (acpi_id[0x60] high edge lint[0x1])
kern	info	0.831446	Task(0)	ACPI: LAPIC_NMI (acpi_id[0x61] high edge lint[0x1])
kern	info	0.831446	Task(0)	ACPI: LAPIC_NMI (acpi_id[0x62] high edge lint[0x1])
kern	info	0.831446	Task(0)	ACPI: LAPIC_NMI (acpi_id[0x63] high edge lint[0x1])
kern	info	0.831447	Task(0)	ACPI: LAPIC_NMI (acpi_id[0x64] high edge lint[0x1])
kern	info	0.831447	Task(0)	ACPI: LAPIC_NMI (acpi_id[0x65] high edge lint[0x1])
kern	info	0.831448	Task(0)	ACPI: LAPIC_NMI (acpi_id[0x66] high edge lint[0x1])
kern	info	0.831448	Task(0)	ACPI: LAPIC_NMI (acpi_id[0x67] high edge lint[0x1])
kern	info	0.831449	Task(0)	ACPI: LAPIC_NMI (acpi_id[0x68] high edge lint[0x1])
kern	info	0.831449	Task(0)	ACPI: LAPIC_NMI (acpi_id[0x69] high edge lint[0x1])
kern	info	0.831450	Task(0)	ACPI: LAPIC_NMI (acpi_id[0x6a] high edge lint[0x1])
kern	info	0.831450	Task(0)	ACPI: LAPIC_NMI (acpi_id[0x6b] high edge lint[0x1])
kern	info	0.831451	Task(0)	ACPI: LAPIC_NMI (acpi_id[0x6c] high edge lint[0x1])
kern	info	0.831451	Task(0)	ACPI: LAPIC_NMI (acpi_id[0x6d] high edge lint[0x1])
kern	info	0.831452	Task(0)	ACPI: LAPIC_NMI (acpi_id[0x6e] high edge lint[0x1])
kern	info	0.831452	Task(0)	ACPI: LAPIC_NMI (acpi_id[0x6f] high edge lint[0x1])
kern	info	0.831453	Task(0)	ACPI: LAPIC_NMI (acpi_id[0x70] high edge lint[0x1])
kern	info	0.831453	Task(0)	ACPI: LAPIC_NMI (acpi_id[0x71] high edge lint[0x1])
kern	info	0.831454	Task(0)	ACPI: LAPIC_NMI (acpi_id[0x72] high edge lint[0x1])
kern	info	0.831454	Task(0)	ACPI: LAPIC_NMI (acpi_id[0x73] high edge lint[0x1])
kern	info	0.831454	Task(0)	ACPI: LAPIC_NMI (acpi_id[0x74] high edge lint[0x1])
kern	info	0.831455	Task(0)	ACPI: LAPIC_NMI (acpi_id[0x75] high edge lint[0x1])
kern	info	0.831455	Task(0)	ACPI: LAPIC_NMI (acpi_id[0x76] high edge lint[0x1])
kern	info	0.831456	Task(0)	ACPI: LAPIC_NMI (acpi_id[0x77] high edge lint[0x1])
kern	info	0.831456	Task(0)	ACPI: LAPIC_NMI (acpi_id[0x78] high edge lint[0x1])
kern	info	0.831457	Task(0)	ACPI: LAPIC_NMI (acpi_id[0x79] high edge lint[0x1])
kern	info	0.831457	Task(0)	ACPI: LAPIC_NMI (acpi_id[0x7a] high edge lint[0x1])
kern	info	0.831458	Task(0)	ACPI: LAPIC_NMI (acpi_id[0x7b] high edge lint[0x1])
kern	info	0.831458	Task(0)	ACPI: LAPIC_NMI (acpi_id[0x7c] high edge lint[0x1])
kern	info	0.831459	Task(0)	ACPI: LAPIC_NMI (acpi_id[0x7d] high edge lint[0x1])
kern	info	0.831459	Task(0)	ACPI: LAPIC_NMI (acpi_id[0x7e] high edge lint[0x1])
kern	info	0.831460	Task(0)	ACPI: LAPIC_NMI (acpi_id[0x7f] high edge lint[0x1])
kern	info	0.831712	Task(0)	IOAPIC[0]: apic_id 1, version 32, address 0xfec00000, GSI 0-23
kern	info	0.831718	Task(0)	ACPI: INT_SRC_OVR (bus 0 bus_irq 0 global_irq 2 high edge)
kern	info	0.831724	Task(0)	ACPI: Using ACPI (MADT) for SMP configuration information
kern	info	0.831725	Task(0)	ACPI: HPET id: 0x8086af01 base: 0xfed00000
kern	info	0.831731	Task(0)	smpboot: Allowing 128 CPUs, 124 hotplug CPUs
kern	info	0.831866	Task(0)	PM: hibernation: Registered nosave memory: [mem 0x00000000-0x00000fff]
kern	info	0.831870	Task(0)	PM: hibernation: Registered nosave memory: [mem 0x0009e000-0x0009efff]
kern	info	0.831871	Task(0)	PM: hibernation: Registered nosave memory: [mem 0x0009f000-0x0009ffff]
kern	info	0.831872	Task(0)	PM: hibernation: Registered nosave memory: [mem 0x000a0000-0x000dbfff]
kern	info	0.831873	Task(0)	PM: hibernation: Registered nosave memory: [mem 0x000dc000-0x000fffff]
kern	info	0.831876	Task(0)	PM: hibernation: Registered nosave memory: [mem 0xbfed0000-0xbfefefff]
kern	info	0.831877	Task(0)	PM: hibernation: Registered nosave memory: [mem 0xbfeff000-0xbfefffff]
kern	info	0.831878	Task(0)	PM: hibernation: Registered nosave memory: [mem 0xc0000000-0xefffffff]
kern	info	0.831879	Task(0)	PM: hibernation: Registered nosave memory: [mem 0xf0000000-0xf7ffffff]
kern	info	0.831880	Task(0)	PM: hibernation: Registered nosave memory: [mem 0xf8000000-0xfebfffff]
kern	info	0.831881	Task(0)	PM: hibernation: Registered nosave memory: [mem 0xfec00000-0xfec0ffff]
kern	info	0.831882	Task(0)	PM: hibernation: Registered nosave memory: [mem 0xfec10000-0xfedfffff]
kern	info	0.831883	Task(0)	PM: hibernation: Registered nosave memory: [mem 0xfee00000-0xfee00fff]
kern	info	0.831884	Task(0)	PM: hibernation: Registered nosave memory: [mem 0xfee01000-0xfffdffff]
kern	info	0.831886	Task(0)	PM: hibernation: Registered nosave memory: [mem 0xfffe0000-0xffffffff]
kern	info	0.831888	Task(0)	[mem 0xc0000000-0xefffffff] available for PCI devices
kern	info	0.831890	Task(0)	Booting paravirtualized kernel on VMware hypervisor
kern	info	0.831894	Task(0)	clocksource: refined-jiffies: mask: 0xffffffff max_cycles: 0xffffffff, max_idle_ns: 1910969940391419 ns
kern	info	0.831903	Task(0)	setup_percpu: NR_CPUS:8192 nr_cpumask_bits:128 nr_cpu_ids:128 nr_node_ids:1
kern	info	1.446829	Task(0)	percpu: Embedded 86 pages/cpu s229376 r8192 d114688 u524288
kern	debug	1.446862	Task(0)	pcpu-alloc: s229376 r8192 d114688 u524288 alloc=1*2097152
kern	debug	1.446867	Task(0)	pcpu-alloc: [0] 000 001 002 003 [0] 004 005 006 007 
kern	debug	1.446874	Task(0)	pcpu-alloc: [0] 008 009 010 011 [0] 012 013 014 015 
kern	debug	1.446879	Task(0)	pcpu-alloc: [0] 016 017 018 019 [0] 020 021 022 023 
kern	debug	1.446884	Task(0)	pcpu-alloc: [0] 024 025 026 027 [0] 028 029 030 031 
kern	debug	1.446889	Task(0)	pcpu-alloc: [0] 032 033 034 035 [0] 036 037 038 039 
kern	debug	1.446894	Task(0)	pcpu-alloc: [0] 040 041 042 043 [0] 044 045 046 047 
kern	debug	1.446899	Task(0)	pcpu-alloc: [0] 048 049 050 051 [0] 052 053 054 055 
kern	debug	1.446904	Task(0)	pcpu-alloc: [0] 056 057 058 059 [0] 060 061 062 063 
kern	debug	1.446909	Task(0)	pcpu-alloc: [0] 064 065 066 067 [0] 068 069 070 071 
kern	debug	1.446914	Task(0)	pcpu-alloc: [0] 072 073 074 075 [0] 076 077 078 079 
kern	debug	1.446919	Task(0)	pcpu-alloc: [0] 080 081 082 083 [0] 084 085 086 087 
kern	debug	1.446924	Task(0)	pcpu-alloc: [0] 088 089 090 091 [0] 092 093 094 095 
kern	debug	1.446928	Task(0)	pcpu-alloc: [0] 096 097 098 099 [0] 100 101 102 103 
kern	debug	1.446933	Task(0)	pcpu-alloc: [0] 104 105 106 107 [0] 108 109 110 111 
kern	debug	1.446938	Task(0)	pcpu-alloc: [0] 112 113 114 115 [0] 116 117 118 119 
kern	debug	1.446943	Task(0)	pcpu-alloc: [0] 120 121 122 123 [0] 124 125 126 127 
kern	notice	1.447260	Task(0)	Kernel command line: BOOT_IMAGE=/vmlinuz-6.8.0-87-generic root=/dev/mapper/ubuntu--vg-ubuntu--lv ro
kern	notice	1.447358	Task(0)	Unknown kernel command line parameters "BOOT_IMAGE=/vmlinuz-6.8.0-87-generic", will be passed to user space.
kern	notice	1.447433	Task(0)	random: crng init done
kern	info	1.447436	Task(0)	printk: log_buf_len individual max cpu contribution: 4096 bytes
kern	info	1.447438	Task(0)	printk: log_buf_len total cpu_extra contributions: 520192 bytes
kern	info	1.447438	Task(0)	printk: log_buf_len min size: 262144 bytes
kern	info	1.494005	Task(0)	printk: log_buf_len: 1048576 bytes
kern	info	1.494022	Task(0)	printk: early log buf free: 238224(90%)
kern	info	1.572483	Task(0)	Dentry cache hash table entries: 1048576 (order: 11, 8388608 bytes, linear)
kern	info	1.605662	Task(0)	Inode-cache hash table entries: 524288 (order: 10, 4194304 bytes, linear)
kern	info	1.607465	Task(0)	Fallback order for Node 0: 0 
kern	info	1.607497	Task(0)	Built 1 zonelists, mobility grouping on.  Total pages: 1677008
kern	info	1.607501	Task(0)	Policy zone: Normal
kern	info	1.607512	Task(0)	mem auto-init: stack:all(zero), heap alloc:on, heap free:off
kern	info	1.607523	Task(0)	software IO TLB: area num 128.
kern	info	1.926183	Task(0)	Memory: 6455264K/6815156K available (22528K kernel code, 4441K rwdata, 14384K rodata, 4912K init, 4796K bss, 359632K reserved, 0K cma-reserved)
kern	info	1.929869	Task(0)	SLUB: HWalign=64, Order=0-3, MinObjects=0, CPUs=128, Nodes=1
kern	info	1.930527	Task(0)	ftrace: allocating 58192 entries in 228 pages
kern	info	1.956576	Task(0)	ftrace: allocated 228 pages with 4 groups
kern	info	1.961586	Task(0)	Dynamic Preempt: voluntary
kern	info	1.968219	Task(0)	rcu: Preemptible hierarchical RCU implementation.
kern	info	1.968238	Task(0)	rcu: 	RCU restricting CPUs from NR_CPUS=8192 to nr_cpu_ids=128.
kern	info	1.968246	Task(0)		Trampoline variant of Tasks RCU enabled.
kern	info	1.968247	Task(0)		Rude variant of Tasks RCU enabled.
kern	info	1.968249	Task(0)		Tracing variant of Tasks RCU enabled.
kern	info	1.968251	Task(0)	rcu: RCU calculated value of scheduler-enlistment delay is 100 jiffies.
kern	info	1.968253	Task(0)	rcu: Adjusting geometry for rcu_fanout_leaf=16, nr_cpu_ids=128
kern	info	1.969558	Task(0)	RCU Tasks: Setting shift to 7 and lim to 1 rcu_task_cb_adjust=1 rcu_task_cpu_ids=128.
kern	info	1.969575	Task(0)	RCU Tasks Rude: Setting shift to 7 and lim to 1 rcu_task_cb_adjust=1 rcu_task_cpu_ids=128.
kern	info	1.969600	Task(0)	RCU Tasks Trace: Setting shift to 7 and lim to 1 rcu_task_cb_adjust=1 rcu_task_cpu_ids=128.
kern	info	1.977657	Task(0)	NR_IRQS: 524544, nr_irqs: 1448, preallocated irqs: 16
kern	info	1.978957	Task(0)	rcu: srcu_init: Setting srcu_struct sizes to big.
kern	info	2.014784	Task(0)	Console: colour VGA+ 80x25
kern	info	2.014792	Task(0)	printk: legacy console [tty0] enabled
kern	info	2.499990	Task(0)	ACPI: Core revision 20230628
kern	info	2.503338	Task(0)	clocksource: hpet: mask: 0xffffffff max_cycles: 0xffffffff, max_idle_ns: 133484882848 ns
kern	info	2.506169	Task(0)	APIC: Switch to symmetric I/O mode setup
kern	info	2.509268	Task(0)	x2apic enabled
kern	info	2.510804	Task(0)	APIC: Switched APIC routing to: physical x2apic
kern	info	2.520497	Task(0)	..TIMER: vector=0x30 apic1=0 pin1=2 apic2=-1 pin2=-1
kern	info	2.522619	Task(0)	clocksource: tsc-early: mask: 0xffffffffffffffff max_cycles: 0x33cb1e3d424, max_idle_ns: 440795351201 ns
kern	info	2.524255	Task(0)	Calibrating delay loop (skipped) preset value.. 7186.33 BogoMIPS (lpj=3593169)
kern	info	2.527333	Task(0)	x86/cpu: User Mode Instruction Prevention (UMIP) activated
kern	warn	2.529364	Task(0)	unchecked MSR access error: RDMSR from 0x852 at rIP: 0xffffffff938c6a17 (native_read_msr+0x7/0x50)
kern	warn	2.530431	Task(0)	Call Trace:
kern	warn	2.531304	Task(0)	 <TASK>
kern	warn	2.532299	Task(0)	 native_apic_msr_read+0x1b/0x60
kern	warn	2.533416	Task(0)	 setup_APIC_eilvt+0x46/0x200
kern	warn	2.534436	Task(0)	 ? native_read_msr_safe+0x9/0x60
kern	warn	2.536304	Task(0)	 mce_amd_feature_init+0x2e0/0x380
kern	warn	2.538307	Task(0)	 __mcheck_cpu_init_vendor+0x61/0xe0
kern	warn	2.539357	Task(0)	 mcheck_cpu_init+0x130/0x2c0
kern	warn	2.541301	Task(0)	 identify_cpu+0x339/0x4d0
kern	warn	2.542413	Task(0)	 identify_boot_cpu+0x10/0xc0
kern	warn	2.543347	Task(0)	 arch_cpu_finalize_init+0x9/0x80
kern	warn	2.544436	Task(0)	 start_kernel+0x2cd/0x450
kern	warn	2.545338	Task(0)	 x86_64_start_reservations+0x18/0x30
kern	warn	2.546436	Task(0)	 x86_64_start_kernel+0xbf/0x110
kern	warn	2.547436	Task(0)	 secondary_startup_64_no_verify+0x184/0x18b
kern	warn	2.548436	Task(0)	 </TASK>
kern	info	2.549314	Task(0)	LVT offset 2 assigned for vector 0xf4
kern	err	2.551301	Task(0)	[Firmware Bug]: cpu 0, try to use APIC520 (LVT offset 2) for vector 0xf4, but the register is already in use for vector 0x0 on this cpu
kern	info	2.552433	Task(0)	Last level iTLB entries: 4KB 512, 2MB 512, 4MB 256
kern	info	2.554302	Task(0)	Last level dTLB entries: 4KB 2048, 2MB 2048, 4MB 1024, 1GB 0
kern	info	2.555422	Task(0)	Spectre V1 : Mitigation: usercopy/swapgs barriers and __user pointer sanitization
kern	info	2.558299	Task(0)	Spectre V2 : Mitigation: Retpolines
kern	info	2.559418	Task(0)	Spectre V2 : Spectre v2 / SpectreRSB mitigation: Filling RSB on context switch
kern	info	2.560375	Task(0)	Spectre V2 : Spectre v2 / SpectreRSB : Filling RSB on VMEXIT
kern	info	2.561436	Task(0)	Spectre V2 : mitigation: Enabling conditional Indirect Branch Prediction Barrier
kern	info	2.562436	Task(0)	Speculative Store Bypass: Vulnerable
kern	warn	2.563436	Task(0)	Speculative Return Stack Overflow: IBPB-extending microcode not applied!
kern	warn	2.564436	Task(0)	Speculative Return Stack Overflow: WARNING: See https://kernel.org/doc/html/latest/admin-guide/hw-vuln/srso.html for mitigation options.
kern	info	2.564468	Task(0)	Speculative Return Stack Overflow: Vulnerable: Safe RET, no microcode
kern	info	2.567436	Task(0)	x86/fpu: Supporting XSAVE feature 0x001: 'x87 floating point registers'
kern	info	2.568436	Task(0)	x86/fpu: Supporting XSAVE feature 0x002: 'SSE registers'
kern	info	2.569436	Task(0)	x86/fpu: Supporting XSAVE feature 0x004: 'AVX registers'
kern	info	2.570436	Task(0)	x86/fpu: xstate_offset[2]:  576, xstate_sizes[2]:  256
kern	info	2.571436	Task(0)	x86/fpu: Enabled xstate features 0x7, context size is 832 bytes, using 'compacted' format.
kern	info	2.625628	Task(0)	Freeing SMP alternatives memory: 48K
kern	info	2.627292	Task(0)	pid_max: default: 131072 minimum: 1024
kern	info	2.629602	Task(0)	LSM: initializing lsm=lockdown,capability,landlock,yama,apparmor,integrity
kern	info	2.631363	Task(0)	landlock: Up and running.
kern	info	2.633300	Task(0)	Yama: becoming mindful.
kern	info	2.635454	Task(0)	AppArmor: AppArmor initialized
kern	info	2.639154	Task(0)	Mount-cache hash table entries: 16384 (order: 5, 131072 bytes, linear)
kern	info	2.642544	Task(0)	Mountpoint-cache hash table entries: 16384 (order: 5, 131072 bytes, linear)
kern	info	2.654973	Task(1)	smpboot: CPU0: AMD Ryzen 5 5500 (family: 0x19, model: 0x50, stepping: 0x0)
kern	info	2.662495	Task(1)	Performance Events: AMD PMU driver.
kern	info	2.663319	Task(1)	... version:                0
kern	info	2.664294	Task(1)	... bit width:              48
kern	info	2.665294	Task(1)	... generic registers:      4
kern	info	2.666294	Task(1)	... value mask:             0000ffffffffffff
kern	info	2.667290	Task(1)	... max period:             00007fffffffffff
kern	info	2.668303	Task(1)	... fixed-purpose events:   0
kern	info	2.669302	Task(1)	... event mask:             000000000000000f
kern	info	2.671615	Task(1)	signal: max sigframe size: 1776
kern	info	2.673255	Task(1)	rcu: Hierarchical SRCU implementation.
kern	info	2.673303	Task(1)	rcu: 	Max phase no-delay instances is 400.
kern	info	2.682565	Task(10)	NMI watchdog: Enabled. Permanently consumes one hw-PMU counter.
kern	info	2.721666	Task(1)	smp: Bringing up secondary CPUs ...
kern	info	2.723724	Task(1)	smpboot: x86: Booting SMP configuration:
kern	info	2.724275	Task(1)	.... node  #0, CPUs:          #1   #2   #3
kern	err	0.538822	Task(0)	[Firmware Bug]: cpu 1, try to use APIC520 (LVT offset 2) for vector 0xf4, but the register is already in use for vector 0x0 on this cpu
kern	info	0.538822	Task(0)	smpboot: CPU 1 Converting physical 2 to logical package 1
kern	info	0.538822	Task(0)	smpboot: CPU 1 Converting physical 0 to logical die 1
kern	err	0.538822	Task(0)	[Firmware Bug]: cpu 2, try to use APIC520 (LVT offset 2) for vector 0xf4, but the register is already in use for vector 0x0 on this cpu
kern	info	0.538822	Task(0)	smpboot: CPU 2 Converting physical 4 to logical package 2
kern	info	0.538822	Task(0)	smpboot: CPU 2 Converting physical 0 to logical die 2
kern	err	0.538822	Task(0)	[Firmware Bug]: cpu 3, try to use APIC520 (LVT offset 2) for vector 0xf4, but the register is already in use for vector 0x0 on this cpu
kern	info	0.538822	Task(0)	smpboot: CPU 3 Converting physical 6 to logical package 3
kern	info	0.538822	Task(0)	smpboot: CPU 3 Converting physical 0 to logical die 3
kern	info	2.742676	Task(1)	smp: Brought up 1 node, 4 CPUs
kern	info	2.753261	Task(1)	smpboot: Max logical packages: 128
kern	info	2.754262	Task(1)	smpboot: Total of 4 processors activated (28745.35 BogoMIPS)
kern	info	2.762279	Task(1)	devtmpfs: initialized
kern	info	2.764133	Task(1)	x86/mm: Memory block size: 128MB
kern	info	2.771387	Task(1)	ACPI: PM: Registering ACPI NVS region [mem 0xbfeff000-0xbfefffff] (4096 bytes)
kern	info	2.774361	Task(1)	clocksource: jiffies: mask: 0xffffffff max_cycles: 0xffffffff, max_idle_ns: 1911260446275000 ns
kern	info	2.792639	Task(1)	futex hash table entries: 32768 (order: 9, 2097152 bytes, linear)
kern	info	2.796554	Task(1)	pinctrl core: initialized pinctrl subsystem
kern	info	2.798257	Task(1)	PM: RTC time: 16:58:40, date: 2025-11-19
kern	info	2.820441	Task(1)	NET: Registered PF_NETLINK/PF_ROUTE protocol family
kern	info	2.830991	Task(1)	DMA: preallocated 1024 KiB GFP_KERNEL pool for atomic allocations
kern	info	2.831494	Task(1)	DMA: preallocated 1024 KiB GFP_KERNEL|GFP_DMA pool for atomic allocations
kern	info	2.832547	Task(1)	DMA: preallocated 1024 KiB GFP_KERNEL|GFP_DMA32 pool for atomic allocations
kern	info	2.833301	Task(1)	audit: initializing netlink subsys (disabled)
kern	notice	2.834462	Task(45)	audit: type=2000 audit(1763571519.317:1): state=initialized audit_enabled=0 res=1
kern	info	2.836039	Task(1)	thermal_sys: Registered thermal governor 'fair_share'
kern	info	2.836266	Task(1)	thermal_sys: Registered thermal governor 'bang_bang'
kern	info	2.837272	Task(1)	thermal_sys: Registered thermal governor 'step_wise'
kern	info	2.838261	Task(1)	thermal_sys: Registered thermal governor 'user_space'
kern	info	2.839261	Task(1)	thermal_sys: Registered thermal governor 'power_allocator'
kern	info	2.842324	Task(1)	cpuidle: using governor ladder
kern	info	2.844310	Task(1)	cpuidle: using governor menu
kern	info	2.847398	Task(1)	Simple Boot Flag at 0x36 set to 0x80
kern	info	2.849269	Task(1)	acpiphp: ACPI Hot Plug PCI Controller Driver version: 0.5
kern	info	2.852469	Task(1)	PCI: ECAM [mem 0xf0000000-0xf7ffffff] (base 0xf0000000) for domain 0000 [bus 00-7f]
kern	info	2.853288	Task(1)	PCI: Using configuration type 1 for base access
kern	info	2.856063	Task(1)	kprobes: kprobe jump-optimization is enabled. All kprobes are optimized if possible.
kern	info	2.871968	Task(1)	HugeTLB: registered 1.00 GiB page size, pre-allocated 0 pages
kern	info	2.873269	Task(1)	HugeTLB: 16380 KiB vmemmap can be freed for a 1.00 GiB page
kern	info	2.874260	Task(1)	HugeTLB: registered 2.00 MiB page size, pre-allocated 0 pages
kern	info	2.875260	Task(1)	HugeTLB: 28 KiB vmemmap can be freed for a 2.00 MiB page
kern	info	2.892275	Task(1)	ACPI: Added _OSI(Module Device)
kern	info	2.892275	Task(1)	ACPI: Added _OSI(Processor Device)
kern	info	2.893264	Task(1)	ACPI: Added _OSI(3.0 _SCP Extensions)
kern	info	2.894027	Task(1)	ACPI: Added _OSI(Processor Aggregator Device)
kern	info	2.967851	Task(1)	ACPI: 1 ACPI AML tables successfully acquired and loaded
kern	notice	2.977672	Task(1)	ACPI: [Firmware Bug]: BIOS _OSI(Linux) query ignored
kern	info	2.988408	Task(1)	ACPI: _OSC evaluation for CPUs failed, trying _PDC
kern	info	3.043606	Task(1)	ACPI: Interpreter enabled
kern	info	3.044313	Task(1)	ACPI: PM: (supports S0 S1 S4 S5)
kern	info	3.045261	Task(1)	ACPI: Using IOAPIC for interrupt routing
kern	info	3.053226	Task(1)	PCI: Using host bridge windows from ACPI; if necessary, use "pci=nocrs" and report a bug
kern	info	3.055262	Task(1)	PCI: Using E820 reservations for host bridge windows
kern	info	3.061199	Task(1)	ACPI: Enabled 4 GPEs in block 00 to 0F
kern	info	3.780133	Task(1)	ACPI: PCI Root Bridge [PCI0] (domain 0000 [bus 00-7f])
kern	info	3.780500	Task(1)	acpi PNP0A03:00: _OSC: OS supports [ExtendedConfig ASPM ClockPM Segments MSI EDR HPX-Type3]
kern	info	3.780500	Task(1)	 SUBSYSTEM=acpi
kern	info	3.780500	Task(1)	 DEVICE=+acpi:PNP0A03:00
kern	info	3.781567	Task(1)	acpi PNP0A03:00: _OSC: platform does not support [AER LTR DPC]
kern	info	3.781567	Task(1)	 SUBSYSTEM=acpi
kern	info	3.781567	Task(1)	 DEVICE=+acpi:PNP0A03:00
kern	info	3.783000	Task(1)	acpi PNP0A03:00: _OSC: OS now controls [PCIeHotplug SHPCHotplug PME PCIeCapability]
kern	info	3.783000	Task(1)	 SUBSYSTEM=acpi
kern	info	3.783000	Task(1)	 DEVICE=+acpi:PNP0A03:00
kern	info	3.793349	Task(1)	PCI host bridge to bus 0000:00
kern	info	3.794304	Task(1)	pci_bus 0000:00: root bus resource [mem 0x000a0000-0x000bffff window]
kern	info	3.794304	Task(1)	 SUBSYSTEM=pci_bus
kern	info	3.794304	Task(1)	 DEVICE=+pci_bus:0000:00
kern	info	3.795301	Task(1)	pci_bus 0000:00: root bus resource [mem 0x000d0000-0x000dbfff window]
kern	info	3.795301	Task(1)	 SUBSYSTEM=pci_bus
kern	info	3.795301	Task(1)	 DEVICE=+pci_bus:0000:00
kern	info	3.796345	Task(1)	pci_bus 0000:00: root bus resource [mem 0xc0000000-0xfebfffff window]
kern	info	3.796345	Task(1)	 SUBSYSTEM=pci_bus
kern	info	3.796345	Task(1)	 DEVICE=+pci_bus:0000:00
kern	info	3.797300	Task(1)	pci_bus 0000:00: root bus resource [io  0x0000-0x0cf7 window]
kern	info	3.797300	Task(1)	 SUBSYSTEM=pci_bus
kern	info	3.797300	Task(1)	 DEVICE=+pci_bus:0000:00
kern	info	3.798294	Task(1)	pci_bus 0000:00: root bus resource [io  0x0d00-0xfeff window]
kern	info	3.798294	Task(1)	 SUBSYSTEM=pci_bus
kern	info	3.798294	Task(1)	 DEVICE=+pci_bus:0000:00
kern	info	3.799295	Task(1)	pci_bus 0000:00: root bus resource [bus 00-7f]
kern	info	3.799295	Task(1)	 SUBSYSTEM=pci_bus
kern	info	3.799295	Task(1)	 DEVICE=+pci_bus:0000:00
kern	info	3.801657	Task(1)	pci 0000:00:00.0: [8086:7190] type 00 class 0x060000 conventional PCI endpoint
kern	info	3.801657	Task(1)	 SUBSYSTEM=pci
kern	info	3.801657	Task(1)	 DEVICE=+pci:0000:00:00.0
kern	info	3.805170	Task(1)	pci 0000:00:01.0: [8086:7191] type 01 class 0x060400 conventional PCI bridge
kern	info	3.805170	Task(1)	 SUBSYSTEM=pci
kern	info	3.805170	Task(1)	 DEVICE=+pci:0000:00:01.0
kern	info	3.806421	Task(1)	pci 0000:00:01.0: PCI bridge to [bus 01]
kern	info	3.806421	Task(1)	 SUBSYSTEM=pci
kern	info	3.806421	Task(1)	 DEVICE=+pci:0000:00:01.0
kern	info	3.831666	Task(1)	pci 0000:00:07.0: [8086:7110] type 00 class 0x060100 conventional PCI endpoint
kern	info	3.831666	Task(1)	 SUBSYSTEM=pci
kern	info	3.831666	Task(1)	 DEVICE=+pci:0000:00:07.0
kern	info	3.836255	Task(1)	pci 0000:00:07.1: [8086:7111] type 00 class 0x01018a conventional PCI endpoint
kern	info	3.836255	Task(1)	 SUBSYSTEM=pci
kern	info	3.836255	Task(1)	 DEVICE=+pci:0000:00:07.1
kern	info	3.838496	Task(1)	pci 0000:00:07.1: BAR 4 [io  0x1060-0x106f]
kern	info	3.838496	Task(1)	 SUBSYSTEM=pci
kern	info	3.838496	Task(1)	 DEVICE=+pci:0000:00:07.1
kern	info	3.839483	Task(1)	pci 0000:00:07.1: BAR 0 [io  0x01f0-0x01f7]: legacy IDE quirk
kern	info	3.839483	Task(1)	 SUBSYSTEM=pci
kern	info	3.839483	Task(1)	 DEVICE=+pci:0000:00:07.1
kern	info	3.840289	Task(1)	pci 0000:00:07.1: BAR 1 [io  0x03f6]: legacy IDE quirk
kern	info	3.840289	Task(1)	 SUBSYSTEM=pci
kern	info	3.840289	Task(1)	 DEVICE=+pci:0000:00:07.1
kern	info	3.841300	Task(1)	pci 0000:00:07.1: BAR 2 [io  0x0170-0x0177]: legacy IDE quirk
kern	info	3.841300	Task(1)	 SUBSYSTEM=pci
kern	info	3.841300	Task(1)	 DEVICE=+pci:0000:00:07.1
kern	info	3.842315	Task(1)	pci 0000:00:07.1: BAR 3 [io  0x0376]: legacy IDE quirk
kern	info	3.842315	Task(1)	 SUBSYSTEM=pci
kern	info	3.842315	Task(1)	 DEVICE=+pci:0000:00:07.1
kern	info	3.845024	Task(1)	pci 0000:00:07.3: [8086:7113] type 00 class 0x068000 conventional PCI endpoint
kern	info	3.845024	Task(1)	 SUBSYSTEM=pci
kern	info	3.845024	Task(1)	 DEVICE=+pci:0000:00:07.3
kern	info	3.848669	Task(1)	pci 0000:00:07.3: quirk: [io  0x1000-0x103f] claimed by PIIX4 ACPI
kern	info	3.848669	Task(1)	 SUBSYSTEM=pci
kern	info	3.848669	Task(1)	 DEVICE=+pci:0000:00:07.3
kern	info	3.849357	Task(1)	pci 0000:00:07.3: quirk: [io  0x1040-0x104f] claimed by PIIX4 SMB
kern	info	3.849357	Task(1)	 SUBSYSTEM=pci
kern	info	3.849357	Task(1)	 DEVICE=+pci:0000:00:07.3
kern	info	3.853534	Task(1)	pci 0000:00:07.7: [15ad:0740] type 00 class 0x088000 conventional PCI endpoint
kern	info	3.853534	Task(1)	 SUBSYSTEM=pci
kern	info	3.853534	Task(1)	 DEVICE=+pci:0000:00:07.7
kern	info	3.857342	Task(1)	pci 0000:00:07.7: BAR 0 [io  0x1080-0x10bf]
kern	info	3.857342	Task(1)	 SUBSYSTEM=pci
kern	info	3.857342	Task(1)	 DEVICE=+pci:0000:00:07.7
kern	info	3.858403	Task(1)	pci 0000:00:07.7: BAR 1 [mem 0xfebc0000-0xfebfffff 64bit]
kern	info	3.858403	Task(1)	 SUBSYSTEM=pci
kern	info	3.858403	Task(1)	 DEVICE=+pci:0000:00:07.7
kern	info	3.895049	Task(1)	pci 0000:00:0f.0: [15ad:0405] type 00 class 0x030000 conventional PCI endpoint
kern	info	3.895049	Task(1)	 SUBSYSTEM=pci
kern	info	3.895049	Task(1)	 DEVICE=+pci:0000:00:0f.0
kern	info	3.899301	Task(1)	pci 0000:00:0f.0: BAR 0 [io  0x1070-0x107f]
kern	info	3.899301	Task(1)	 SUBSYSTEM=pci
kern	info	3.899301	Task(1)	 DEVICE=+pci:0000:00:0f.0
kern	info	3.901336	Task(1)	pci 0000:00:0f.0: BAR 1 [mem 0xe8000000-0xefffffff pref]
kern	info	3.901336	Task(1)	 SUBSYSTEM=pci
kern	info	3.901336	Task(1)	 DEVICE=+pci:0000:00:0f.0
kern	info	3.902323	Task(1)	pci 0000:00:0f.0: BAR 2 [mem 0xfe000000-0xfe7fffff]
kern	info	3.902323	Task(1)	 SUBSYSTEM=pci
kern	info	3.902323	Task(1)	 DEVICE=+pci:0000:00:0f.0
kern	info	3.904399	Task(1)	pci 0000:00:0f.0: ROM [mem 0x00000000-0x00007fff pref]
kern	info	3.904399	Task(1)	 SUBSYSTEM=pci
kern	info	3.904399	Task(1)	 DEVICE=+pci:0000:00:0f.0
kern	info	3.905474	Task(1)	pci 0000:00:0f.0: Video device with shadowed ROM at [mem 0x000c0000-0x000dffff]
kern	info	3.905474	Task(1)	 SUBSYSTEM=pci
kern	info	3.905474	Task(1)	 DEVICE=+pci:0000:00:0f.0
kern	info	3.908888	Task(1)	pci 0000:00:10.0: [1000:0030] type 00 class 0x010000 conventional PCI endpoint
kern	info	3.908888	Task(1)	 SUBSYSTEM=pci
kern	info	3.908888	Task(1)	 DEVICE=+pci:0000:00:10.0
kern	info	3.911322	Task(1)	pci 0000:00:10.0: BAR 0 [io  0x1400-0x14ff]
kern	info	3.911322	Task(1)	 SUBSYSTEM=pci
kern	info	3.911322	Task(1)	 DEVICE=+pci:0000:00:10.0
kern	info	3.912341	Task(1)	pci 0000:00:10.0: BAR 1 [mem 0xfeb80000-0xfeb9ffff 64bit]
kern	info	3.912341	Task(1)	 SUBSYSTEM=pci
kern	info	3.912341	Task(1)	 DEVICE=+pci:0000:00:10.0
kern	info	3.913332	Task(1)	pci 0000:00:10.0: BAR 3 [mem 0xfeba0000-0xfebbffff 64bit]
kern	info	3.913332	Task(1)	 SUBSYSTEM=pci
kern	info	3.913332	Task(1)	 DEVICE=+pci:0000:00:10.0
kern	info	3.914360	Task(1)	pci 0000:00:10.0: ROM [mem 0x00000000-0x00003fff pref]
kern	info	3.914360	Task(1)	 SUBSYSTEM=pci
kern	info	3.914360	Task(1)	 DEVICE=+pci:0000:00:10.0
kern	info	3.917395	Task(1)	pci 0000:00:11.0: [15ad:0790] type 01 class 0x060401 conventional PCI bridge
kern	info	3.917395	Task(1)	 SUBSYSTEM=pci
kern	info	3.917395	Task(1)	 DEVICE=+pci:0000:00:11.0
kern	info	3.919851	Task(1)	pci 0000:00:11.0: PCI bridge to [bus 02] (subtractive decode)
kern	info	3.919851	Task(1)	 SUBSYSTEM=pci
kern	info	3.919851	Task(1)	 DEVICE=+pci:0000:00:11.0
kern	info	3.920343	Task(1)	pci 0000:00:11.0:   bridge window [io  0x2000-0x3fff]
kern	info	3.920343	Task(1)	 SUBSYSTEM=pci
kern	info	3.920343	Task(1)	 DEVICE=+pci:0000:00:11.0
kern	info	3.921342	Task(1)	pci 0000:00:11.0:   bridge window [mem 0xfd500000-0xfdffffff]
kern	info	3.921342	Task(1)	 SUBSYSTEM=pci
kern	info	3.921342	Task(1)	 DEVICE=+pci:0000:00:11.0
kern	info	3.922539	Task(1)	pci 0000:00:11.0:   bridge window [mem 0xe7b00000-0xe7ffffff 64bit pref]
kern	info	3.922539	Task(1)	 SUBSYSTEM=pci
kern	info	3.922539	Task(1)	 DEVICE=+pci:0000:00:11.0
kern	info	3.937293	Task(1)	pci 0000:00:15.0: [15ad:07a0] type 01 class 0x060400 PCIe Root Port
kern	info	3.937293	Task(1)	 SUBSYSTEM=pci
kern	info	3.937293	Task(1)	 DEVICE=+pci:0000:00:15.0
kern	info	3.939722	Task(1)	pci 0000:00:15.0: PCI bridge to [bus 03]
kern	info	3.939722	Task(1)	 SUBSYSTEM=pci
kern	info	3.939722	Task(1)	 DEVICE=+pci:0000:00:15.0
kern	info	3.940349	Task(1)	pci 0000:00:15.0:   bridge window [io  0x4000-0x4fff]
kern	info	3.940349	Task(1)	 SUBSYSTEM=pci
kern	info	3.940349	Task(1)	 DEVICE=+pci:0000:00:15.0
kern	info	3.941349	Task(1)	pci 0000:00:15.0:   bridge window [mem 0xfd400000-0xfd4fffff]
kern	info	3.941349	Task(1)	 SUBSYSTEM=pci
kern	info	3.941349	Task(1)	 DEVICE=+pci:0000:00:15.0
kern	info	3.942512	Task(1)	pci 0000:00:15.0:   bridge window [mem 0xe7a00000-0xe7afffff 64bit pref]
kern	info	3.942512	Task(1)	 SUBSYSTEM=pci
kern	info	3.942512	Task(1)	 DEVICE=+pci:0000:00:15.0
kern	info	3.945601	Task(1)	pci 0000:00:15.0: PME# supported from D0 D3hot D3cold
kern	info	3.945601	Task(1)	 SUBSYSTEM=pci
kern	info	3.945601	Task(1)	 DEVICE=+pci:0000:00:15.0
kern	info	3.947927	Task(1)	pci 0000:00:15.1: [15ad:07a0] type 01 class 0x060400 PCIe Root Port
kern	info	3.947927	Task(1)	 SUBSYSTEM=pci
kern	info	3.947927	Task(1)	 DEVICE=+pci:0000:00:15.1
kern	info	3.950427	Task(1)	pci 0000:00:15.1: PCI bridge to [bus 04]
kern	info	3.950427	Task(1)	 SUBSYSTEM=pci
kern	info	3.950427	Task(1)	 DEVICE=+pci:0000:00:15.1
kern	info	3.951347	Task(1)	pci 0000:00:15.1:   bridge window [io  0x8000-0x8fff]
kern	info	3.951347	Task(1)	 SUBSYSTEM=pci
kern	info	3.951347	Task(1)	 DEVICE=+pci:0000:00:15.1
kern	info	3.952349	Task(1)	pci 0000:00:15.1:   bridge window [mem 0xfd000000-0xfd0fffff]
kern	info	3.952349	Task(1)	 SUBSYSTEM=pci
kern	info	3.952349	Task(1)	 DEVICE=+pci:0000:00:15.1
kern	info	3.954374	Task(1)	pci 0000:00:15.1:   bridge window [mem 0xe7600000-0xe76fffff 64bit pref]
kern	info	3.954374	Task(1)	 SUBSYSTEM=pci
kern	info	3.954374	Task(1)	 DEVICE=+pci:0000:00:15.1
kern	info	3.957351	Task(1)	pci 0000:00:15.1: PME# supported from D0 D3hot D3cold
kern	info	3.957351	Task(1)	 SUBSYSTEM=pci
kern	info	3.957351	Task(1)	 DEVICE=+pci:0000:00:15.1
kern	info	3.959910	Task(1)	pci 0000:00:15.2: [15ad:07a0] type 01 class 0x060400 PCIe Root Port
kern	info	3.959910	Task(1)	 SUBSYSTEM=pci
kern	info	3.959910	Task(1)	 DEVICE=+pci:0000:00:15.2
kern	info	3.960955	Task(1)	pci 0000:00:15.2: PCI bridge to [bus 05]
kern	info	3.960955	Task(1)	 SUBSYSTEM=pci
kern	info	3.960955	Task(1)	 DEVICE=+pci:0000:00:15.2
kern	info	3.961352	Task(1)	pci 0000:00:15.2:   bridge window [io  0xc000-0xcfff]
kern	info	3.961352	Task(1)	 SUBSYSTEM=pci
kern	info	3.961352	Task(1)	 DEVICE=+pci:0000:00:15.2
kern	info	3.962353	Task(1)	pci 0000:00:15.2:   bridge window [mem 0xfcc00000-0xfccfffff]
kern	info	3.962353	Task(1)	 SUBSYSTEM=pci
kern	info	3.962353	Task(1)	 DEVICE=+pci:0000:00:15.2
kern	info	3.964510	Task(1)	pci 0000:00:15.2:   bridge window [mem 0xe7200000-0xe72fffff 64bit pref]
kern	info	3.964510	Task(1)	 SUBSYSTEM=pci
kern	info	3.964510	Task(1)	 DEVICE=+pci:0000:00:15.2
kern	info	3.966921	Task(1)	pci 0000:00:15.2: PME# supported from D0 D3hot D3cold
kern	info	3.966921	Task(1)	 SUBSYSTEM=pci
kern	info	3.966921	Task(1)	 DEVICE=+pci:0000:00:15.2
kern	info	3.970573	Task(1)	pci 0000:00:15.3: [15ad:07a0] type 01 class 0x060400 PCIe Root Port
kern	info	3.970573	Task(1)	 SUBSYSTEM=pci
kern	info	3.970573	Task(1)	 DEVICE=+pci:0000:00:15.3
kern	info	3.972562	Task(1)	pci 0000:00:15.3: PCI bridge to [bus 06]
kern	info	3.972562	Task(1)	 SUBSYSTEM=pci
kern	info	3.972562	Task(1)	 DEVICE=+pci:0000:00:15.3
kern	info	3.973406	Task(1)	pci 0000:00:15.3:   bridge window [mem 0xfc800000-0xfc8fffff]
kern	info	3.973406	Task(1)	 SUBSYSTEM=pci
kern	info	3.973406	Task(1)	 DEVICE=+pci:0000:00:15.3
kern	info	3.975564	Task(1)	pci 0000:00:15.3:   bridge window [mem 0xe6e00000-0xe6efffff 64bit pref]
kern	info	3.975564	Task(1)	 SUBSYSTEM=pci
kern	info	3.975564	Task(1)	 DEVICE=+pci:0000:00:15.3
kern	info	3.978380	Task(1)	pci 0000:00:15.3: PME# supported from D0 D3hot D3cold
kern	info	3.978380	Task(1)	 SUBSYSTEM=pci
kern	info	3.978380	Task(1)	 DEVICE=+pci:0000:00:15.3
kern	info	3.981457	Task(1)	pci 0000:00:15.4: [15ad:07a0] type 01 class 0x060400 PCIe Root Port
kern	info	3.981457	Task(1)	 SUBSYSTEM=pci
kern	info	3.981457	Task(1)	 DEVICE=+pci:0000:00:15.4
kern	info	3.983542	Task(1)	pci 0000:00:15.4: PCI bridge to [bus 07]
kern	info	3.983542	Task(1)	 SUBSYSTEM=pci
kern	info	3.983542	Task(1)	 DEVICE=+pci:0000:00:15.4
kern	info	3.984388	Task(1)	pci 0000:00:15.4:   bridge window [mem 0xfc400000-0xfc4fffff]
kern	info	3.984388	Task(1)	 SUBSYSTEM=pci
kern	info	3.984388	Task(1)	 DEVICE=+pci:0000:00:15.4
kern	info	3.985537	Task(1)	pci 0000:00:15.4:   bridge window [mem 0xe6a00000-0xe6afffff 64bit pref]
kern	info	3.985537	Task(1)	 SUBSYSTEM=pci
kern	info	3.985537	Task(1)	 DEVICE=+pci:0000:00:15.4
kern	info	3.989095	Task(1)	pci 0000:00:15.4: PME# supported from D0 D3hot D3cold
kern	info	3.989095	Task(1)	 SUBSYSTEM=pci
kern	info	3.989095	Task(1)	 DEVICE=+pci:0000:00:15.4
kern	info	3.991255	Task(1)	pci 0000:00:15.5: [15ad:07a0] type 01 class 0x060400 PCIe Root Port
kern	info	3.991255	Task(1)	 SUBSYSTEM=pci
kern	info	3.991255	Task(1)	 DEVICE=+pci:0000:00:15.5
kern	info	3.993726	Task(1)	pci 0000:00:15.5: PCI bridge to [bus 08]
kern	info	3.993726	Task(1)	 SUBSYSTEM=pci
kern	info	3.993726	Task(1)	 DEVICE=+pci:0000:00:15.5
kern	info	3.995341	Task(1)	pci 0000:00:15.5:   bridge window [mem 0xfc000000-0xfc0fffff]
kern	info	3.995341	Task(1)	 SUBSYSTEM=pci
kern	info	3.995341	Task(1)	 DEVICE=+pci:0000:00:15.5
kern	info	3.996501	Task(1)	pci 0000:00:15.5:   bridge window [mem 0xe6600000-0xe66fffff 64bit pref]
kern	info	3.996501	Task(1)	 SUBSYSTEM=pci
kern	info	3.996501	Task(1)	 DEVICE=+pci:0000:00:15.5
kern	info	3.999717	Task(1)	pci 0000:00:15.5: PME# supported from D0 D3hot D3cold
kern	info	3.999717	Task(1)	 SUBSYSTEM=pci
kern	info	3.999717	Task(1)	 DEVICE=+pci:0000:00:15.5
kern	info	4.002255	Task(1)	pci 0000:00:15.6: [15ad:07a0] type 01 class 0x060400 PCIe Root Port
kern	info	4.002255	Task(1)	 SUBSYSTEM=pci
kern	info	4.002255	Task(1)	 DEVICE=+pci:0000:00:15.6
kern	info	4.004458	Task(1)	pci 0000:00:15.6: PCI bridge to [bus 09]
kern	info	4.004458	Task(1)	 SUBSYSTEM=pci
kern	info	4.004458	Task(1)	 DEVICE=+pci:0000:00:15.6
kern	info	4.005419	Task(1)	pci 0000:00:15.6:   bridge window [mem 0xfbc00000-0xfbcfffff]
kern	info	4.005419	Task(1)	 SUBSYSTEM=pci
kern	info	4.005419	Task(1)	 DEVICE=+pci:0000:00:15.6
kern	info	4.006538	Task(1)	pci 0000:00:15.6:   bridge window [mem 0xe6200000-0xe62fffff 64bit pref]
kern	info	4.006538	Task(1)	 SUBSYSTEM=pci
kern	info	4.006538	Task(1)	 DEVICE=+pci:0000:00:15.6
kern	info	4.009911	Task(1)	pci 0000:00:15.6: PME# supported from D0 D3hot D3cold
kern	info	4.009911	Task(1)	 SUBSYSTEM=pci
kern	info	4.009911	Task(1)	 DEVICE=+pci:0000:00:15.6
kern	info	4.012986	Task(1)	pci 0000:00:15.7: [15ad:07a0] type 01 class 0x060400 PCIe Root Port
kern	info	4.012986	Task(1)	 SUBSYSTEM=pci
kern	info	4.012986	Task(1)	 DEVICE=+pci:0000:00:15.7
kern	info	4.014528	Task(1)	pci 0000:00:15.7: PCI bridge to [bus 0a]
kern	info	4.014528	Task(1)	 SUBSYSTEM=pci
kern	info	4.014528	Task(1)	 DEVICE=+pci:0000:00:15.7
kern	info	4.015408	Task(1)	pci 0000:00:15.7:   bridge window [mem 0xfb800000-0xfb8fffff]
kern	info	4.015408	Task(1)	 SUBSYSTEM=pci
kern	info	4.015408	Task(1)	 DEVICE=+pci:0000:00:15.7
kern	info	4.017462	Task(1)	pci 0000:00:15.7:   bridge window [mem 0xe5e00000-0xe5efffff 64bit pref]
kern	info	4.017462	Task(1)	 SUBSYSTEM=pci
kern	info	4.017462	Task(1)	 DEVICE=+pci:0000:00:15.7
kern	info	4.019628	Task(1)	pci 0000:00:15.7: PME# supported from D0 D3hot D3cold
kern	info	4.019628	Task(1)	 SUBSYSTEM=pci
kern	info	4.019628	Task(1)	 DEVICE=+pci:0000:00:15.7
kern	info	4.022339	Task(1)	pci 0000:00:16.0: [15ad:07a0] type 01 class 0x060400 PCIe Root Port
kern	info	4.022339	Task(1)	 SUBSYSTEM=pci
kern	info	4.022339	Task(1)	 DEVICE=+pci:0000:00:16.0
kern	info	4.024292	Task(1)	pci 0000:00:16.0: PCI bridge to [bus 0b]
kern	info	4.024292	Task(1)	 SUBSYSTEM=pci
kern	info	4.024292	Task(1)	 DEVICE=+pci:0000:00:16.0
kern	info	4.025349	Task(1)	pci 0000:00:16.0:   bridge window [io  0x5000-0x5fff]
kern	info	4.025349	Task(1)	 SUBSYSTEM=pci
kern	info	4.025349	Task(1)	 DEVICE=+pci:0000:00:16.0
kern	info	4.026349	Task(1)	pci 0000:00:16.0:   bridge window [mem 0xfd300000-0xfd3fffff]
kern	info	4.026349	Task(1)	 SUBSYSTEM=pci
kern	info	4.026349	Task(1)	 DEVICE=+pci:0000:00:16.0
kern	info	4.027620	Task(1)	pci 0000:00:16.0:   bridge window [mem 0xe7900000-0xe79fffff 64bit pref]
kern	info	4.027620	Task(1)	 SUBSYSTEM=pci
kern	info	4.027620	Task(1)	 DEVICE=+pci:0000:00:16.0
kern	info	4.030612	Task(1)	pci 0000:00:16.0: PME# supported from D0 D3hot D3cold
kern	info	4.030612	Task(1)	 SUBSYSTEM=pci
kern	info	4.030612	Task(1)	 DEVICE=+pci:0000:00:16.0
kern	info	4.034216	Task(1)	pci 0000:00:16.1: [15ad:07a0] type 01 class 0x060400 PCIe Root Port
kern	info	4.034216	Task(1)	 SUBSYSTEM=pci
kern	info	4.034216	Task(1)	 DEVICE=+pci:0000:00:16.1
kern	info	4.035345	Task(1)	pci 0000:00:16.1: PCI bridge to [bus 0c]
kern	info	4.035345	Task(1)	 SUBSYSTEM=pci
kern	info	4.035345	Task(1)	 DEVICE=+pci:0000:00:16.1
kern	info	4.036377	Task(1)	pci 0000:00:16.1:   bridge window [io  0x9000-0x9fff]
kern	info	4.036377	Task(1)	 SUBSYSTEM=pci
kern	info	4.036377	Task(1)	 DEVICE=+pci:0000:00:16.1
kern	info	4.037355	Task(1)	pci 0000:00:16.1:   bridge window [mem 0xfcf00000-0xfcffffff]
kern	info	4.037355	Task(1)	 SUBSYSTEM=pci
kern	info	4.037355	Task(1)	 DEVICE=+pci:0000:00:16.1
kern	info	4.038770	Task(1)	pci 0000:00:16.1:   bridge window [mem 0xe7500000-0xe75fffff 64bit pref]
kern	info	4.038770	Task(1)	 SUBSYSTEM=pci
kern	info	4.038770	Task(1)	 DEVICE=+pci:0000:00:16.1
kern	info	4.041650	Task(1)	pci 0000:00:16.1: PME# supported from D0 D3hot D3cold
kern	info	4.041650	Task(1)	 SUBSYSTEM=pci
kern	info	4.041650	Task(1)	 DEVICE=+pci:0000:00:16.1
kern	info	4.044671	Task(1)	pci 0000:00:16.2: [15ad:07a0] type 01 class 0x060400 PCIe Root Port
kern	info	4.044671	Task(1)	 SUBSYSTEM=pci
kern	info	4.044671	Task(1)	 DEVICE=+pci:0000:00:16.2
kern	info	4.045946	Task(1)	pci 0000:00:16.2: PCI bridge to [bus 0d]
kern	info	4.045946	Task(1)	 SUBSYSTEM=pci
kern	info	4.045946	Task(1)	 DEVICE=+pci:0000:00:16.2
kern	info	4.046376	Task(1)	pci 0000:00:16.2:   bridge window [io  0xd000-0xdfff]
kern	info	4.046376	Task(1)	 SUBSYSTEM=pci
kern	info	4.046376	Task(1)	 DEVICE=+pci:0000:00:16.2
kern	info	4.047365	Task(1)	pci 0000:00:16.2:   bridge window [mem 0xfcb00000-0xfcbfffff]
kern	info	4.047365	Task(1)	 SUBSYSTEM=pci
kern	info	4.047365	Task(1)	 DEVICE=+pci:0000:00:16.2
kern	info	4.048539	Task(1)	pci 0000:00:16.2:   bridge window [mem 0xe7100000-0xe71fffff 64bit pref]
kern	info	4.048539	Task(1)	 SUBSYSTEM=pci
kern	info	4.048539	Task(1)	 DEVICE=+pci:0000:00:16.2
kern	info	4.050525	Task(1)	pci 0000:00:16.2: PME# supported from D0 D3hot D3cold
kern	info	4.050525	Task(1)	 SUBSYSTEM=pci
kern	info	4.050525	Task(1)	 DEVICE=+pci:0000:00:16.2
kern	info	4.053313	Task(1)	pci 0000:00:16.3: [15ad:07a0] type 01 class 0x060400 PCIe Root Port
kern	info	4.053313	Task(1)	 SUBSYSTEM=pci
kern	info	4.053313	Task(1)	 DEVICE=+pci:0000:00:16.3
kern	info	4.055948	Task(1)	pci 0000:00:16.3: PCI bridge to [bus 0e]
kern	info	4.055948	Task(1)	 SUBSYSTEM=pci
kern	info	4.055948	Task(1)	 DEVICE=+pci:0000:00:16.3
kern	info	4.056416	Task(1)	pci 0000:00:16.3:   bridge window [mem 0xfc700000-0xfc7fffff]
kern	info	4.056416	Task(1)	 SUBSYSTEM=pci
kern	info	4.056416	Task(1)	 DEVICE=+pci:0000:00:16.3
kern	info	4.057523	Task(1)	pci 0000:00:16.3:   bridge window [mem 0xe6d00000-0xe6dfffff 64bit pref]
kern	info	4.057523	Task(1)	 SUBSYSTEM=pci
kern	info	4.057523	Task(1)	 DEVICE=+pci:0000:00:16.3
kern	info	4.061255	Task(1)	pci 0000:00:16.3: PME# supported from D0 D3hot D3cold
kern	info	4.061255	Task(1)	 SUBSYSTEM=pci
kern	info	4.061255	Task(1)	 DEVICE=+pci:0000:00:16.3
kern	info	4.063423	Task(1)	pci 0000:00:16.4: [15ad:07a0] type 01 class 0x060400 PCIe Root Port
kern	info	4.063423	Task(1)	 SUBSYSTEM=pci
kern	info	4.063423	Task(1)	 DEVICE=+pci:0000:00:16.4
kern	info	4.065895	Task(1)	pci 0000:00:16.4: PCI bridge to [bus 0f]
kern	info	4.065895	Task(1)	 SUBSYSTEM=pci
kern	info	4.065895	Task(1)	 DEVICE=+pci:0000:00:16.4
kern	info	4.067427	Task(1)	pci 0000:00:16.4:   bridge window [mem 0xfc300000-0xfc3fffff]
kern	info	4.067427	Task(1)	 SUBSYSTEM=pci
kern	info	4.067427	Task(1)	 DEVICE=+pci:0000:00:16.4
kern	info	4.068786	Task(1)	pci 0000:00:16.4:   bridge window [mem 0xe6900000-0xe69fffff 64bit pref]
kern	info	4.068786	Task(1)	 SUBSYSTEM=pci
kern	info	4.068786	Task(1)	 DEVICE=+pci:0000:00:16.4
kern	info	4.071831	Task(1)	pci 0000:00:16.4: PME# supported from D0 D3hot D3cold
kern	info	4.071831	Task(1)	 SUBSYSTEM=pci
kern	info	4.071831	Task(1)	 DEVICE=+pci:0000:00:16.4
kern	info	4.074827	Task(1)	pci 0000:00:16.5: [15ad:07a0] type 01 class 0x060400 PCIe Root Port
kern	info	4.074827	Task(1)	 SUBSYSTEM=pci
kern	info	4.074827	Task(1)	 DEVICE=+pci:0000:00:16.5
kern	info	4.076341	Task(1)	pci 0000:00:16.5: PCI bridge to [bus 10]
kern	info	4.076341	Task(1)	 SUBSYSTEM=pci
kern	info	4.076341	Task(1)	 DEVICE=+pci:0000:00:16.5
kern	info	4.077379	Task(1)	pci 0000:00:16.5:   bridge window [mem 0xfbf00000-0xfbffffff]
kern	info	4.077379	Task(1)	 SUBSYSTEM=pci
kern	info	4.077379	Task(1)	 DEVICE=+pci:0000:00:16.5
kern	info	4.078537	Task(1)	pci 0000:00:16.5:   bridge window [mem 0xe6500000-0xe65fffff 64bit pref]
kern	info	4.078537	Task(1)	 SUBSYSTEM=pci
kern	info	4.078537	Task(1)	 DEVICE=+pci:0000:00:16.5
kern	info	4.080974	Task(1)	pci 0000:00:16.5: PME# supported from D0 D3hot D3cold
kern	info	4.080974	Task(1)	 SUBSYSTEM=pci
kern	info	4.080974	Task(1)	 DEVICE=+pci:0000:00:16.5
kern	info	4.083315	Task(1)	pci 0000:00:16.6: [15ad:07a0] type 01 class 0x060400 PCIe Root Port
kern	info	4.083315	Task(1)	 SUBSYSTEM=pci
kern	info	4.083315	Task(1)	 DEVICE=+pci:0000:00:16.6
kern	info	4.085939	Task(1)	pci 0000:00:16.6: PCI bridge to [bus 11]
kern	info	4.085939	Task(1)	 SUBSYSTEM=pci
kern	info	4.085939	Task(1)	 DEVICE=+pci:0000:00:16.6
kern	info	4.086404	Task(1)	pci 0000:00:16.6:   bridge window [mem 0xfbb00000-0xfbbfffff]
kern	info	4.086404	Task(1)	 SUBSYSTEM=pci
kern	info	4.086404	Task(1)	 DEVICE=+pci:0000:00:16.6
kern	info	4.087513	Task(1)	pci 0000:00:16.6:   bridge window [mem 0xe6100000-0xe61fffff 64bit pref]
kern	info	4.087513	Task(1)	 SUBSYSTEM=pci
kern	info	4.087513	Task(1)	 DEVICE=+pci:0000:00:16.6
kern	info	4.090624	Task(1)	pci 0000:00:16.6: PME# supported from D0 D3hot D3cold
kern	info	4.090624	Task(1)	 SUBSYSTEM=pci
kern	info	4.090624	Task(1)	 DEVICE=+pci:0000:00:16.6
kern	info	4.093787	Task(1)	pci 0000:00:16.7: [15ad:07a0] type 01 class 0x060400 PCIe Root Port
kern	info	4.093787	Task(1)	 SUBSYSTEM=pci
kern	info	4.093787	Task(1)	 DEVICE=+pci:0000:00:16.7
kern	info	4.095050	Task(1)	pci 0000:00:16.7: PCI bridge to [bus 12]
kern	info	4.095050	Task(1)	 SUBSYSTEM=pci
kern	info	4.095050	Task(1)	 DEVICE=+pci:0000:00:16.7
kern	info	4.096320	Task(1)	pci 0000:00:16.7:   bridge window [mem 0xfb700000-0xfb7fffff]
kern	info	4.096320	Task(1)	 SUBSYSTEM=pci
kern	info	4.096320	Task(1)	 DEVICE=+pci:0000:00:16.7
kern	info	4.097547	Task(1)	pci 0000:00:16.7:   bridge window [mem 0xe5d00000-0xe5dfffff 64bit pref]
kern	info	4.097547	Task(1)	 SUBSYSTEM=pci
kern	info	4.097547	Task(1)	 DEVICE=+pci:0000:00:16.7
kern	info	4.100748	Task(1)	pci 0000:00:16.7: PME# supported from D0 D3hot D3cold
kern	info	4.100748	Task(1)	 SUBSYSTEM=pci
kern	info	4.100748	Task(1)	 DEVICE=+pci:0000:00:16.7
kern	info	4.104124	Task(1)	pci 0000:00:17.0: [15ad:07a0] type 01 class 0x060400 PCIe Root Port
kern	info	4.104124	Task(1)	 SUBSYSTEM=pci
kern	info	4.104124	Task(1)	 DEVICE=+pci:0000:00:17.0
kern	info	4.104911	Task(1)	pci 0000:00:17.0: PCI bridge to [bus 13]
kern	info	4.104911	Task(1)	 SUBSYSTEM=pci
kern	info	4.104911	Task(1)	 DEVICE=+pci:0000:00:17.0
kern	info	4.106255	Task(1)	pci 0000:00:17.0:   bridge window [io  0x6000-0x6fff]
kern	info	4.106255	Task(1)	 SUBSYSTEM=pci
kern	info	4.106255	Task(1)	 DEVICE=+pci:0000:00:17.0
kern	info	4.107333	Task(1)	pci 0000:00:17.0:   bridge window [mem 0xfd200000-0xfd2fffff]
kern	info	4.107333	Task(1)	 SUBSYSTEM=pci
kern	info	4.107333	Task(1)	 DEVICE=+pci:0000:00:17.0
kern	info	4.109394	Task(1)	pci 0000:00:17.0:   bridge window [mem 0xe7800000-0xe78fffff 64bit pref]
kern	info	4.109394	Task(1)	 SUBSYSTEM=pci
kern	info	4.109394	Task(1)	 DEVICE=+pci:0000:00:17.0
kern	info	4.112909	Task(1)	pci 0000:00:17.0: PME# supported from D0 D3hot D3cold
kern	info	4.112909	Task(1)	 SUBSYSTEM=pci
kern	info	4.112909	Task(1)	 DEVICE=+pci:0000:00:17.0
kern	info	4.115569	Task(1)	pci 0000:00:17.1: [15ad:07a0] type 01 class 0x060400 PCIe Root Port
kern	info	4.115569	Task(1)	 SUBSYSTEM=pci
kern	info	4.115569	Task(1)	 DEVICE=+pci:0000:00:17.1
kern	info	4.116890	Task(1)	pci 0000:00:17.1: PCI bridge to [bus 14]
kern	info	4.116890	Task(1)	 SUBSYSTEM=pci
kern	info	4.116890	Task(1)	 DEVICE=+pci:0000:00:17.1
kern	info	4.117898	Task(1)	pci 0000:00:17.1:   bridge window [io  0xa000-0xafff]
kern	info	4.117898	Task(1)	 SUBSYSTEM=pci
kern	info	4.117898	Task(1)	 DEVICE=+pci:0000:00:17.1
kern	info	4.118368	Task(1)	pci 0000:00:17.1:   bridge window [mem 0xfce00000-0xfcefffff]
kern	info	4.118368	Task(1)	 SUBSYSTEM=pci
kern	info	4.118368	Task(1)	 DEVICE=+pci:0000:00:17.1
kern	info	4.120542	Task(1)	pci 0000:00:17.1:   bridge window [mem 0xe7400000-0xe74fffff 64bit pref]
kern	info	4.120542	Task(1)	 SUBSYSTEM=pci
kern	info	4.120542	Task(1)	 DEVICE=+pci:0000:00:17.1
kern	info	4.124255	Task(1)	pci 0000:00:17.1: PME# supported from D0 D3hot D3cold
kern	info	4.124255	Task(1)	 SUBSYSTEM=pci
kern	info	4.124255	Task(1)	 DEVICE=+pci:0000:00:17.1
kern	info	4.126296	Task(1)	pci 0000:00:17.2: [15ad:07a0] type 01 class 0x060400 PCIe Root Port
kern	info	4.126296	Task(1)	 SUBSYSTEM=pci
kern	info	4.126296	Task(1)	 DEVICE=+pci:0000:00:17.2
kern	info	4.128799	Task(1)	pci 0000:00:17.2: PCI bridge to [bus 15]
kern	info	4.128799	Task(1)	 SUBSYSTEM=pci
kern	info	4.128799	Task(1)	 DEVICE=+pci:0000:00:17.2
kern	info	4.130342	Task(1)	pci 0000:00:17.2:   bridge window [io  0xe000-0xefff]
kern	info	4.130342	Task(1)	 SUBSYSTEM=pci
kern	info	4.130342	Task(1)	 DEVICE=+pci:0000:00:17.2
kern	info	4.131352	Task(1)	pci 0000:00:17.2:   bridge window [mem 0xfca00000-0xfcafffff]
kern	info	4.131352	Task(1)	 SUBSYSTEM=pci
kern	info	4.131352	Task(1)	 DEVICE=+pci:0000:00:17.2
kern	info	4.133353	Task(1)	pci 0000:00:17.2:   bridge window [mem 0xe7000000-0xe70fffff 64bit pref]
kern	info	4.133353	Task(1)	 SUBSYSTEM=pci
kern	info	4.133353	Task(1)	 DEVICE=+pci:0000:00:17.2
kern	info	4.136720	Task(1)	pci 0000:00:17.2: PME# supported from D0 D3hot D3cold
kern	info	4.136720	Task(1)	 SUBSYSTEM=pci
kern	info	4.136720	Task(1)	 DEVICE=+pci:0000:00:17.2
kern	info	4.139831	Task(1)	pci 0000:00:17.3: [15ad:07a0] type 01 class 0x060400 PCIe Root Port
kern	info	4.139831	Task(1)	 SUBSYSTEM=pci
kern	info	4.139831	Task(1)	 DEVICE=+pci:0000:00:17.3
kern	info	4.142325	Task(1)	pci 0000:00:17.3: PCI bridge to [bus 16]
kern	info	4.142325	Task(1)	 SUBSYSTEM=pci
kern	info	4.142325	Task(1)	 DEVICE=+pci:0000:00:17.3
kern	info	4.143402	Task(1)	pci 0000:00:17.3:   bridge window [mem 0xfc600000-0xfc6fffff]
kern	info	4.143402	Task(1)	 SUBSYSTEM=pci
kern	info	4.143402	Task(1)	 DEVICE=+pci:0000:00:17.3
kern	info	4.144563	Task(1)	pci 0000:00:17.3:   bridge window [mem 0xe6c00000-0xe6cfffff 64bit pref]
kern	info	4.144563	Task(1)	 SUBSYSTEM=pci
kern	info	4.144563	Task(1)	 DEVICE=+pci:0000:00:17.3
kern	info	4.147866	Task(1)	pci 0000:00:17.3: PME# supported from D0 D3hot D3cold
kern	info	4.147866	Task(1)	 SUBSYSTEM=pci
kern	info	4.147866	Task(1)	 DEVICE=+pci:0000:00:17.3
kern	info	4.151020	Task(1)	pci 0000:00:17.4: [15ad:07a0] type 01 class 0x060400 PCIe Root Port
kern	info	4.151020	Task(1)	 SUBSYSTEM=pci
kern	info	4.151020	Task(1)	 DEVICE=+pci:0000:00:17.4
kern	info	4.152002	Task(1)	pci 0000:00:17.4: PCI bridge to [bus 17]
kern	info	4.152002	Task(1)	 SUBSYSTEM=pci
kern	info	4.152002	Task(1)	 DEVICE=+pci:0000:00:17.4
kern	info	4.153410	Task(1)	pci 0000:00:17.4:   bridge window [mem 0xfc200000-0xfc2fffff]
kern	info	4.153410	Task(1)	 SUBSYSTEM=pci
kern	info	4.153410	Task(1)	 DEVICE=+pci:0000:00:17.4
kern	info	4.154721	Task(1)	pci 0000:00:17.4:   bridge window [mem 0xe6800000-0xe68fffff 64bit pref]
kern	info	4.154721	Task(1)	 SUBSYSTEM=pci
kern	info	4.154721	Task(1)	 DEVICE=+pci:0000:00:17.4
kern	info	4.158779	Task(1)	pci 0000:00:17.4: PME# supported from D0 D3hot D3cold
kern	info	4.158779	Task(1)	 SUBSYSTEM=pci
kern	info	4.158779	Task(1)	 DEVICE=+pci:0000:00:17.4
kern	info	4.161471	Task(1)	pci 0000:00:17.5: [15ad:07a0] type 01 class 0x060400 PCIe Root Port
kern	info	4.161471	Task(1)	 SUBSYSTEM=pci
kern	info	4.161471	Task(1)	 DEVICE=+pci:0000:00:17.5
kern	info	4.163518	Task(1)	pci 0000:00:17.5: PCI bridge to [bus 18]
kern	info	4.163518	Task(1)	 SUBSYSTEM=pci
kern	info	4.163518	Task(1)	 DEVICE=+pci:0000:00:17.5
kern	info	4.165386	Task(1)	pci 0000:00:17.5:   bridge window [mem 0xfbe00000-0xfbefffff]
kern	info	4.165386	Task(1)	 SUBSYSTEM=pci
kern	info	4.165386	Task(1)	 DEVICE=+pci:0000:00:17.5
kern	info	4.167498	Task(1)	pci 0000:00:17.5:   bridge window [mem 0xe6400000-0xe64fffff 64bit pref]
kern	info	4.167498	Task(1)	 SUBSYSTEM=pci
kern	info	4.167498	Task(1)	 DEVICE=+pci:0000:00:17.5
kern	info	4.170413	Task(1)	pci 0000:00:17.5: PME# supported from D0 D3hot D3cold
kern	info	4.170413	Task(1)	 SUBSYSTEM=pci
kern	info	4.170413	Task(1)	 DEVICE=+pci:0000:00:17.5
kern	info	4.173940	Task(1)	pci 0000:00:17.6: [15ad:07a0] type 01 class 0x060400 PCIe Root Port
kern	info	4.173940	Task(1)	 SUBSYSTEM=pci
kern	info	4.173940	Task(1)	 DEVICE=+pci:0000:00:17.6
kern	info	4.175487	Task(1)	pci 0000:00:17.6: PCI bridge to [bus 19]
kern	info	4.175487	Task(1)	 SUBSYSTEM=pci
kern	info	4.175487	Task(1)	 DEVICE=+pci:0000:00:17.6
kern	info	4.176425	Task(1)	pci 0000:00:17.6:   bridge window [mem 0xfba00000-0xfbafffff]
kern	info	4.176425	Task(1)	 SUBSYSTEM=pci
kern	info	4.176425	Task(1)	 DEVICE=+pci:0000:00:17.6
kern	info	4.178405	Task(1)	pci 0000:00:17.6:   bridge window [mem 0xe6000000-0xe60fffff 64bit pref]
kern	info	4.178405	Task(1)	 SUBSYSTEM=pci
kern	info	4.178405	Task(1)	 DEVICE=+pci:0000:00:17.6
kern	info	4.182255	Task(1)	pci 0000:00:17.6: PME# supported from D0 D3hot D3cold
kern	info	4.182255	Task(1)	 SUBSYSTEM=pci
kern	info	4.182255	Task(1)	 DEVICE=+pci:0000:00:17.6
kern	info	4.184630	Task(1)	pci 0000:00:17.7: [15ad:07a0] type 01 class 0x060400 PCIe Root Port
kern	info	4.184630	Task(1)	 SUBSYSTEM=pci
kern	info	4.184630	Task(1)	 DEVICE=+pci:0000:00:17.7
kern	info	4.185795	Task(1)	pci 0000:00:17.7: PCI bridge to [bus 1a]
kern	info	4.185795	Task(1)	 SUBSYSTEM=pci
kern	info	4.185795	Task(1)	 DEVICE=+pci:0000:00:17.7
kern	info	4.186411	Task(1)	pci 0000:00:17.7:   bridge window [mem 0xfb600000-0xfb6fffff]
kern	info	4.186411	Task(1)	 SUBSYSTEM=pci
kern	info	4.186411	Task(1)	 DEVICE=+pci:0000:00:17.7
kern	info	4.188427	Task(1)	pci 0000:00:17.7:   bridge window [mem 0xe5c00000-0xe5cfffff 64bit pref]
kern	info	4.188427	Task(1)	 SUBSYSTEM=pci
kern	info	4.188427	Task(1)	 DEVICE=+pci:0000:00:17.7
kern	info	4.191255	Task(1)	pci 0000:00:17.7: PME# supported from D0 D3hot D3cold
kern	info	4.191255	Task(1)	 SUBSYSTEM=pci
kern	info	4.191255	Task(1)	 DEVICE=+pci:0000:00:17.7
kern	info	4.194163	Task(1)	pci 0000:00:18.0: [15ad:07a0] type 01 class 0x060400 PCIe Root Port
kern	info	4.194163	Task(1)	 SUBSYSTEM=pci
kern	info	4.194163	Task(1)	 DEVICE=+pci:0000:00:18.0
kern	info	4.194948	Task(1)	pci 0000:00:18.0: PCI bridge to [bus 1b]
kern	info	4.194948	Task(1)	 SUBSYSTEM=pci
kern	info	4.194948	Task(1)	 DEVICE=+pci:0000:00:18.0
kern	info	4.195356	Task(1)	pci 0000:00:18.0:   bridge window [io  0x7000-0x7fff]
kern	info	4.195356	Task(1)	 SUBSYSTEM=pci
kern	info	4.195356	Task(1)	 DEVICE=+pci:0000:00:18.0
kern	info	4.196357	Task(1)	pci 0000:00:18.0:   bridge window [mem 0xfd100000-0xfd1fffff]
kern	info	4.196357	Task(1)	 SUBSYSTEM=pci
kern	info	4.196357	Task(1)	 DEVICE=+pci:0000:00:18.0
kern	info	4.198500	Task(1)	pci 0000:00:18.0:   bridge window [mem 0xe7700000-0xe77fffff 64bit pref]
kern	info	4.198500	Task(1)	 SUBSYSTEM=pci
kern	info	4.198500	Task(1)	 DEVICE=+pci:0000:00:18.0
kern	info	4.201723	Task(1)	pci 0000:00:18.0: PME# supported from D0 D3hot D3cold
kern	info	4.201723	Task(1)	 SUBSYSTEM=pci
kern	info	4.201723	Task(1)	 DEVICE=+pci:0000:00:18.0
kern	info	4.204733	Task(1)	pci 0000:00:18.1: [15ad:07a0] type 01 class 0x060400 PCIe Root Port
kern	info	4.204733	Task(1)	 SUBSYSTEM=pci
kern	info	4.204733	Task(1)	 DEVICE=+pci:0000:00:18.1
kern	info	4.207349	Task(1)	pci 0000:00:18.1: PCI bridge to [bus 1c]
kern	info	4.207349	Task(1)	 SUBSYSTEM=pci
kern	info	4.207349	Task(1)	 DEVICE=+pci:0000:00:18.1
kern	info	4.208310	Task(1)	pci 0000:00:18.1:   bridge window [io  0xb000-0xbfff]
kern	info	4.208310	Task(1)	 SUBSYSTEM=pci
kern	info	4.208310	Task(1)	 DEVICE=+pci:0000:00:18.1
kern	info	4.209349	Task(1)	pci 0000:00:18.1:   bridge window [mem 0xfcd00000-0xfcdfffff]
kern	info	4.209349	Task(1)	 SUBSYSTEM=pci
kern	info	4.209349	Task(1)	 DEVICE=+pci:0000:00:18.1
kern	info	4.211466	Task(1)	pci 0000:00:18.1:   bridge window [mem 0xe7300000-0xe73fffff 64bit pref]
kern	info	4.211466	Task(1)	 SUBSYSTEM=pci
kern	info	4.211466	Task(1)	 DEVICE=+pci:0000:00:18.1
kern	info	4.214010	Task(1)	pci 0000:00:18.1: PME# supported from D0 D3hot D3cold
kern	info	4.214010	Task(1)	 SUBSYSTEM=pci
kern	info	4.214010	Task(1)	 DEVICE=+pci:0000:00:18.1
kern	info	4.216451	Task(1)	pci 0000:00:18.2: [15ad:07a0] type 01 class 0x060400 PCIe Root Port
kern	info	4.216451	Task(1)	 SUBSYSTEM=pci
kern	info	4.216451	Task(1)	 DEVICE=+pci:0000:00:18.2
kern	info	4.218031	Task(1)	pci 0000:00:18.2: PCI bridge to [bus 1d]
kern	info	4.218031	Task(1)	 SUBSYSTEM=pci
kern	info	4.218031	Task(1)	 DEVICE=+pci:0000:00:18.2
kern	info	4.219359	Task(1)	pci 0000:00:18.2:   bridge window [mem 0xfc900000-0xfc9fffff]
kern	info	4.219359	Task(1)	 SUBSYSTEM=pci
kern	info	4.219359	Task(1)	 DEVICE=+pci:0000:00:18.2
kern	info	4.220537	Task(1)	pci 0000:00:18.2:   bridge window [mem 0xe6f00000-0xe6ffffff 64bit pref]
kern	info	4.220537	Task(1)	 SUBSYSTEM=pci
kern	info	4.220537	Task(1)	 DEVICE=+pci:0000:00:18.2
kern	info	4.223255	Task(1)	pci 0000:00:18.2: PME# supported from D0 D3hot D3cold
kern	info	4.223255	Task(1)	 SUBSYSTEM=pci
kern	info	4.223255	Task(1)	 DEVICE=+pci:0000:00:18.2
kern	info	4.225255	Task(1)	pci 0000:00:18.3: [15ad:07a0] type 01 class 0x060400 PCIe Root Port
kern	info	4.225255	Task(1)	 SUBSYSTEM=pci
kern	info	4.225255	Task(1)	 DEVICE=+pci:0000:00:18.3
kern	info	4.226592	Task(1)	pci 0000:00:18.3: PCI bridge to [bus 1e]
kern	info	4.226592	Task(1)	 SUBSYSTEM=pci
kern	info	4.226592	Task(1)	 DEVICE=+pci:0000:00:18.3
kern	info	4.227313	Task(1)	pci 0000:00:18.3:   bridge window [mem 0xfc500000-0xfc5fffff]
kern	info	4.227313	Task(1)	 SUBSYSTEM=pci
kern	info	4.227313	Task(1)	 DEVICE=+pci:0000:00:18.3
kern	info	4.228520	Task(1)	pci 0000:00:18.3:   bridge window [mem 0xe6b00000-0xe6bfffff 64bit pref]
kern	info	4.228520	Task(1)	 SUBSYSTEM=pci
kern	info	4.228520	Task(1)	 DEVICE=+pci:0000:00:18.3
kern	info	4.231747	Task(1)	pci 0000:00:18.3: PME# supported from D0 D3hot D3cold
kern	info	4.231747	Task(1)	 SUBSYSTEM=pci
kern	info	4.231747	Task(1)	 DEVICE=+pci:0000:00:18.3
kern	info	4.235297	Task(1)	pci 0000:00:18.4: [15ad:07a0] type 01 class 0x060400 PCIe Root Port
kern	info	4.235297	Task(1)	 SUBSYSTEM=pci
kern	info	4.235297	Task(1)	 DEVICE=+pci:0000:00:18.4
kern	info	4.237750	Task(1)	pci 0000:00:18.4: PCI bridge to [bus 1f]
kern	info	4.237750	Task(1)	 SUBSYSTEM=pci
kern	info	4.237750	Task(1)	 DEVICE=+pci:0000:00:18.4
kern	info	4.239323	Task(1)	pci 0000:00:18.4:   bridge window [mem 0xfc100000-0xfc1fffff]
kern	info	4.239323	Task(1)	 SUBSYSTEM=pci
kern	info	4.239323	Task(1)	 DEVICE=+pci:0000:00:18.4
kern	info	4.241364	Task(1)	pci 0000:00:18.4:   bridge window [mem 0xe6700000-0xe67fffff 64bit pref]
kern	info	4.241364	Task(1)	 SUBSYSTEM=pci
kern	info	4.241364	Task(1)	 DEVICE=+pci:0000:00:18.4
kern	info	4.244680	Task(1)	pci 0000:00:18.4: PME# supported from D0 D3hot D3cold
kern	info	4.244680	Task(1)	 SUBSYSTEM=pci
kern	info	4.244680	Task(1)	 DEVICE=+pci:0000:00:18.4
kern	info	4.246573	Task(1)	pci 0000:00:18.5: [15ad:07a0] type 01 class 0x060400 PCIe Root Port
kern	info	4.246573	Task(1)	 SUBSYSTEM=pci
kern	info	4.246573	Task(1)	 DEVICE=+pci:0000:00:18.5
kern	info	4.247939	Task(1)	pci 0000:00:18.5: PCI bridge to [bus 20]
kern	info	4.247939	Task(1)	 SUBSYSTEM=pci
kern	info	4.247939	Task(1)	 DEVICE=+pci:0000:00:18.5
kern	info	4.248382	Task(1)	pci 0000:00:18.5:   bridge window [mem 0xfbd00000-0xfbdfffff]
kern	info	4.248382	Task(1)	 SUBSYSTEM=pci
kern	info	4.248382	Task(1)	 DEVICE=+pci:0000:00:18.5
kern	info	4.249530	Task(1)	pci 0000:00:18.5:   bridge window [mem 0xe6300000-0xe63fffff 64bit pref]
kern	info	4.249530	Task(1)	 SUBSYSTEM=pci
kern	info	4.249530	Task(1)	 DEVICE=+pci:0000:00:18.5
kern	info	4.253394	Task(1)	pci 0000:00:18.5: PME# supported from D0 D3hot D3cold
kern	info	4.253394	Task(1)	 SUBSYSTEM=pci
kern	info	4.253394	Task(1)	 DEVICE=+pci:0000:00:18.5
kern	info	4.256420	Task(1)	pci 0000:00:18.6: [15ad:07a0] type 01 class 0x060400 PCIe Root Port
kern	info	4.256420	Task(1)	 SUBSYSTEM=pci
kern	info	4.256420	Task(1)	 DEVICE=+pci:0000:00:18.6
kern	info	4.258348	Task(1)	pci 0000:00:18.6: PCI bridge to [bus 21]
kern	info	4.258348	Task(1)	 SUBSYSTEM=pci
kern	info	4.258348	Task(1)	 DEVICE=+pci:0000:00:18.6
kern	info	4.259396	Task(1)	pci 0000:00:18.6:   bridge window [mem 0xfb900000-0xfb9fffff]
kern	info	4.259396	Task(1)	 SUBSYSTEM=pci
kern	info	4.259396	Task(1)	 DEVICE=+pci:0000:00:18.6
kern	info	4.260523	Task(1)	pci 0000:00:18.6:   bridge window [mem 0xe5f00000-0xe5ffffff 64bit pref]
kern	info	4.260523	Task(1)	 SUBSYSTEM=pci
kern	info	4.260523	Task(1)	 DEVICE=+pci:0000:00:18.6
kern	info	4.263506	Task(1)	pci 0000:00:18.6: PME# supported from D0 D3hot D3cold
kern	info	4.263506	Task(1)	 SUBSYSTEM=pci
kern	info	4.263506	Task(1)	 DEVICE=+pci:0000:00:18.6
kern	info	4.266723	Task(1)	pci 0000:00:18.7: [15ad:07a0] type 01 class 0x060400 PCIe Root Port
kern	info	4.266723	Task(1)	 SUBSYSTEM=pci
kern	info	4.266723	Task(1)	 DEVICE=+pci:0000:00:18.7
kern	info	4.268021	Task(1)	pci 0000:00:18.7: PCI bridge to [bus 22]
kern	info	4.268021	Task(1)	 SUBSYSTEM=pci
kern	info	4.268021	Task(1)	 DEVICE=+pci:0000:00:18.7
kern	info	4.268368	Task(1)	pci 0000:00:18.7:   bridge window [mem 0xfb500000-0xfb5fffff]
kern	info	4.268368	Task(1)	 SUBSYSTEM=pci
kern	info	4.268368	Task(1)	 DEVICE=+pci:0000:00:18.7
kern	info	4.269522	Task(1)	pci 0000:00:18.7:   bridge window [mem 0xe5b00000-0xe5bfffff 64bit pref]
kern	info	4.269522	Task(1)	 SUBSYSTEM=pci
kern	info	4.269522	Task(1)	 DEVICE=+pci:0000:00:18.7
kern	info	4.271830	Task(1)	pci 0000:00:18.7: PME# supported from D0 D3hot D3cold
kern	info	4.271830	Task(1)	 SUBSYSTEM=pci
kern	info	4.271830	Task(1)	 DEVICE=+pci:0000:00:18.7
kern	info	4.302739	Task(1)	pci_bus 0000:01: extended config space not accessible
kern	info	4.302739	Task(1)	 SUBSYSTEM=pci_bus
kern	info	4.302739	Task(1)	 DEVICE=+pci_bus:0000:01
kern	info	4.439876	Task(1)	pci 0000:00:01.0: PCI bridge to [bus 01]
kern	info	4.439876	Task(1)	 SUBSYSTEM=pci
kern	info	4.439876	Task(1)	 DEVICE=+pci:0000:00:01.0
kern	info	4.441309	Task(1)	pci_bus 0000:02: extended config space not accessible
kern	info	4.441309	Task(1)	 SUBSYSTEM=pci_bus
kern	info	4.441309	Task(1)	 DEVICE=+pci_bus:0000:02
kern	info	4.444297	Task(1)	acpiphp: Slot [32] registered
kern	info	4.445167	Task(1)	acpiphp: Slot [33] registered
kern	info	4.445380	Task(1)	acpiphp: Slot [34] registered
kern	info	4.446329	Task(1)	acpiphp: Slot [35] registered
kern	info	4.447308	Task(1)	acpiphp: Slot [36] registered
kern	info	4.448405	Task(1)	acpiphp: Slot [37] registered
kern	info	4.449311	Task(1)	acpiphp: Slot [38] registered
kern	info	4.450315	Task(1)	acpiphp: Slot [39] registered
kern	info	4.451346	Task(1)	acpiphp: Slot [40] registered
kern	info	4.452380	Task(1)	acpiphp: Slot [41] registered
kern	info	4.453315	Task(1)	acpiphp: Slot [42] registered
kern	info	4.454177	Task(1)	acpiphp: Slot [43] registered
kern	info	4.454346	Task(1)	acpiphp: Slot [44] registered
kern	info	4.455321	Task(1)	acpiphp: Slot [45] registered
kern	info	4.456344	Task(1)	acpiphp: Slot [46] registered
kern	info	4.457321	Task(1)	acpiphp: Slot [47] registered
kern	info	4.458417	Task(1)	acpiphp: Slot [48] registered
kern	info	4.459325	Task(1)	acpiphp: Slot [49] registered
kern	info	4.460321	Task(1)	acpiphp: Slot [50] registered
kern	info	4.461323	Task(1)	acpiphp: Slot [51] registered
kern	info	4.462310	Task(1)	acpiphp: Slot [52] registered
kern	info	4.463308	Task(1)	acpiphp: Slot [53] registered
kern	info	4.464302	Task(1)	acpiphp: Slot [54] registered
kern	info	4.465393	Task(1)	acpiphp: Slot [55] registered
kern	info	4.466312	Task(1)	acpiphp: Slot [56] registered
kern	info	4.467314	Task(1)	acpiphp: Slot [57] registered
kern	info	4.468324	Task(1)	acpiphp: Slot [58] registered
kern	info	4.469287	Task(1)	acpiphp: Slot [59] registered
kern	info	4.470313	Task(1)	acpiphp: Slot [60] registered
kern	info	4.471314	Task(1)	acpiphp: Slot [61] registered
kern	info	4.472494	Task(1)	acpiphp: Slot [62] registered
kern	info	4.473326	Task(1)	acpiphp: Slot [63] registered
kern	info	4.474441	Task(1)	pci 0000:02:00.0: [15ad:0774] type 00 class 0x0c0300 conventional PCI endpoint
kern	info	4.474441	Task(1)	 SUBSYSTEM=pci
kern	info	4.474441	Task(1)	 DEVICE=+pci:0000:02:00.0
kern	info	4.477401	Task(1)	pci 0000:02:00.0: BAR 4 [io  0x2080-0x209f]
kern	info	4.477401	Task(1)	 SUBSYSTEM=pci
kern	info	4.477401	Task(1)	 DEVICE=+pci:0000:02:00.0
kern	info	4.481151	Task(1)	pci 0000:02:01.0: [8086:100f] type 00 class 0x020000 conventional PCI endpoint
kern	info	4.481151	Task(1)	 SUBSYSTEM=pci
kern	info	4.481151	Task(1)	 DEVICE=+pci:0000:02:01.0
kern	info	4.485012	Task(1)	pci 0000:02:01.0: BAR 0 [mem 0xfd5c0000-0xfd5dffff 64bit]
kern	info	4.485012	Task(1)	 SUBSYSTEM=pci
kern	info	4.485012	Task(1)	 DEVICE=+pci:0000:02:01.0
kern	info	4.485312	Task(1)	pci 0000:02:01.0: BAR 2 [mem 0xfdff0000-0xfdffffff 64bit]
kern	info	4.485312	Task(1)	 SUBSYSTEM=pci
kern	info	4.485312	Task(1)	 DEVICE=+pci:0000:02:01.0
kern	info	4.486322	Task(1)	pci 0000:02:01.0: BAR 4 [io  0x2000-0x203f]
kern	info	4.486322	Task(1)	 SUBSYSTEM=pci
kern	info	4.486322	Task(1)	 DEVICE=+pci:0000:02:01.0
kern	info	4.487316	Task(1)	pci 0000:02:01.0: ROM [mem 0x00000000-0x0000ffff pref]
kern	info	4.487316	Task(1)	 SUBSYSTEM=pci
kern	info	4.487316	Task(1)	 DEVICE=+pci:0000:02:01.0
kern	info	4.489775	Task(1)	pci 0000:02:01.0: PME# supported from D0 D3hot D3cold
kern	info	4.489775	Task(1)	 SUBSYSTEM=pci
kern	info	4.489775	Task(1)	 DEVICE=+pci:0000:02:01.0
kern	info	4.492392	Task(1)	pci 0000:02:02.0: [1274:1371] type 00 class 0x040100 conventional PCI endpoint
kern	info	4.492392	Task(1)	 SUBSYSTEM=pci
kern	info	4.492392	Task(1)	 DEVICE=+pci:0000:02:02.0
kern	info	4.494841	Task(1)	pci 0000:02:02.0: BAR 0 [io  0x2040-0x207f]
kern	info	4.494841	Task(1)	 SUBSYSTEM=pci
kern	info	4.494841	Task(1)	 DEVICE=+pci:0000:02:02.0
kern	info	4.499341	Task(1)	pci 0000:02:03.0: [15ad:0770] type 00 class 0x0c0320 conventional PCI endpoint
kern	info	4.499341	Task(1)	 SUBSYSTEM=pci
kern	info	4.499341	Task(1)	 DEVICE=+pci:0000:02:03.0
kern	info	4.501554	Task(1)	pci 0000:02:03.0: BAR 0 [mem 0xfd5ef000-0xfd5effff]
kern	info	4.501554	Task(1)	 SUBSYSTEM=pci
kern	info	4.501554	Task(1)	 DEVICE=+pci:0000:02:03.0
kern	info	4.505495	Task(1)	pci 0000:02:04.0: [15ad:07e0] type 00 class 0x010601 conventional PCI endpoint
kern	info	4.505495	Task(1)	 SUBSYSTEM=pci
kern	info	4.505495	Task(1)	 DEVICE=+pci:0000:02:04.0
kern	info	4.508742	Task(1)	pci 0000:02:04.0: BAR 5 [mem 0xfd5ee000-0xfd5eefff]
kern	info	4.508742	Task(1)	 SUBSYSTEM=pci
kern	info	4.508742	Task(1)	 DEVICE=+pci:0000:02:04.0
kern	info	4.509294	Task(1)	pci 0000:02:04.0: ROM [mem 0x00000000-0x0000ffff pref]
kern	info	4.509294	Task(1)	 SUBSYSTEM=pci
kern	info	4.509294	Task(1)	 DEVICE=+pci:0000:02:04.0
kern	info	4.512008	Task(1)	pci 0000:02:04.0: PME# supported from D3hot
kern	info	4.512008	Task(1)	 SUBSYSTEM=pci
kern	info	4.512008	Task(1)	 DEVICE=+pci:0000:02:04.0
kern	info	4.619591	Task(1)	pci 0000:00:11.0: PCI bridge to [bus 02] (subtractive decode)
kern	info	4.619591	Task(1)	 SUBSYSTEM=pci
kern	info	4.619591	Task(1)	 DEVICE=+pci:0000:00:11.0
kern	info	4.621415	Task(1)	pci 0000:00:11.0:   bridge window [mem 0x000a0000-0x000bffff window] (subtractive decode)
kern	info	4.621415	Task(1)	 SUBSYSTEM=pci
kern	info	4.621415	Task(1)	 DEVICE=+pci:0000:00:11.0
kern	info	4.622267	Task(1)	pci 0000:00:11.0:   bridge window [mem 0x000d0000-0x000dbfff window] (subtractive decode)
kern	info	4.622267	Task(1)	 SUBSYSTEM=pci
kern	info	4.622267	Task(1)	 DEVICE=+pci:0000:00:11.0
kern	info	4.623264	Task(1)	pci 0000:00:11.0:   bridge window [mem 0xc0000000-0xfebfffff window] (subtractive decode)
kern	info	4.623264	Task(1)	 SUBSYSTEM=pci
kern	info	4.623264	Task(1)	 DEVICE=+pci:0000:00:11.0
kern	info	4.624264	Task(1)	pci 0000:00:11.0:   bridge window [io  0x0000-0x0cf7 window] (subtractive decode)
kern	info	4.624264	Task(1)	 SUBSYSTEM=pci
kern	info	4.624264	Task(1)	 DEVICE=+pci:0000:00:11.0
kern	info	4.625274	Task(1)	pci 0000:00:11.0:   bridge window [io  0x0d00-0xfeff window] (subtractive decode)
kern	info	4.625274	Task(1)	 SUBSYSTEM=pci
kern	info	4.625274	Task(1)	 DEVICE=+pci:0000:00:11.0
kern	info	4.632464	Task(1)	pci 0000:00:15.0: PCI bridge to [bus 03]
kern	info	4.632464	Task(1)	 SUBSYSTEM=pci
kern	info	4.632464	Task(1)	 DEVICE=+pci:0000:00:15.0
kern	info	4.639425	Task(1)	pci 0000:00:15.1: PCI bridge to [bus 04]
kern	info	4.639425	Task(1)	 SUBSYSTEM=pci
kern	info	4.639425	Task(1)	 DEVICE=+pci:0000:00:15.1
kern	info	4.645923	Task(1)	pci 0000:00:15.2: PCI bridge to [bus 05]
kern	info	4.645923	Task(1)	 SUBSYSTEM=pci
kern	info	4.645923	Task(1)	 DEVICE=+pci:0000:00:15.2
kern	info	4.651503	Task(1)	pci 0000:00:15.3: PCI bridge to [bus 06]
kern	info	4.651503	Task(1)	 SUBSYSTEM=pci
kern	info	4.651503	Task(1)	 DEVICE=+pci:0000:00:15.3
kern	info	4.657814	Task(1)	pci 0000:00:15.4: PCI bridge to [bus 07]
kern	info	4.657814	Task(1)	 SUBSYSTEM=pci
kern	info	4.657814	Task(1)	 DEVICE=+pci:0000:00:15.4
kern	info	4.664171	Task(1)	pci 0000:00:15.5: PCI bridge to [bus 08]
kern	info	4.664171	Task(1)	 SUBSYSTEM=pci
kern	info	4.664171	Task(1)	 DEVICE=+pci:0000:00:15.5
kern	info	4.669785	Task(1)	pci 0000:00:15.6: PCI bridge to [bus 09]
kern	info	4.669785	Task(1)	 SUBSYSTEM=pci
kern	info	4.669785	Task(1)	 DEVICE=+pci:0000:00:15.6
kern	info	4.675799	Task(1)	pci 0000:00:15.7: PCI bridge to [bus 0a]
kern	info	4.675799	Task(1)	 SUBSYSTEM=pci
kern	info	4.675799	Task(1)	 DEVICE=+pci:0000:00:15.7
kern	info	4.681949	Task(1)	pci 0000:00:16.0: PCI bridge to [bus 0b]
kern	info	4.681949	Task(1)	 SUBSYSTEM=pci
kern	info	4.681949	Task(1)	 DEVICE=+pci:0000:00:16.0
kern	info	4.687496	Task(1)	pci 0000:00:16.1: PCI bridge to [bus 0c]
kern	info	4.687496	Task(1)	 SUBSYSTEM=pci
kern	info	4.687496	Task(1)	 DEVICE=+pci:0000:00:16.1
kern	info	4.694001	Task(1)	pci 0000:00:16.2: PCI bridge to [bus 0d]
kern	info	4.694001	Task(1)	 SUBSYSTEM=pci
kern	info	4.694001	Task(1)	 DEVICE=+pci:0000:00:16.2
kern	info	4.699545	Task(1)	pci 0000:00:16.3: PCI bridge to [bus 0e]
kern	info	4.699545	Task(1)	 SUBSYSTEM=pci
kern	info	4.699545	Task(1)	 DEVICE=+pci:0000:00:16.3
kern	info	4.705907	Task(1)	pci 0000:00:16.4: PCI bridge to [bus 0f]
kern	info	4.705907	Task(1)	 SUBSYSTEM=pci
kern	info	4.705907	Task(1)	 DEVICE=+pci:0000:00:16.4
kern	info	4.712504	Task(1)	pci 0000:00:16.5: PCI bridge to [bus 10]
kern	info	4.712504	Task(1)	 SUBSYSTEM=pci
kern	info	4.712504	Task(1)	 DEVICE=+pci:0000:00:16.5
kern	info	4.718691	Task(1)	pci 0000:00:16.6: PCI bridge to [bus 11]
kern	info	4.718691	Task(1)	 SUBSYSTEM=pci
kern	info	4.718691	Task(1)	 DEVICE=+pci:0000:00:16.6
kern	info	4.726012	Task(1)	pci 0000:00:16.7: PCI bridge to [bus 12]
kern	info	4.726012	Task(1)	 SUBSYSTEM=pci
kern	info	4.726012	Task(1)	 DEVICE=+pci:0000:00:16.7
kern	info	4.732400	Task(1)	pci 0000:00:17.0: PCI bridge to [bus 13]
kern	info	4.732400	Task(1)	 SUBSYSTEM=pci
kern	info	4.732400	Task(1)	 DEVICE=+pci:0000:00:17.0
kern	info	4.738255	Task(1)	pci 0000:00:17.1: PCI bridge to [bus 14]
kern	info	4.738255	Task(1)	 SUBSYSTEM=pci
kern	info	4.738255	Task(1)	 DEVICE=+pci:0000:00:17.1
kern	info	4.743752	Task(1)	pci 0000:00:17.2: PCI bridge to [bus 15]
kern	info	4.743752	Task(1)	 SUBSYSTEM=pci
kern	info	4.743752	Task(1)	 DEVICE=+pci:0000:00:17.2
kern	info	4.749498	Task(1)	pci 0000:00:17.3: PCI bridge to [bus 16]
kern	info	4.749498	Task(1)	 SUBSYSTEM=pci
kern	info	4.749498	Task(1)	 DEVICE=+pci:0000:00:17.3
kern	info	4.755255	Task(1)	pci 0000:00:17.4: PCI bridge to [bus 17]
kern	info	4.755255	Task(1)	 SUBSYSTEM=pci
kern	info	4.755255	Task(1)	 DEVICE=+pci:0000:00:17.4
kern	info	4.761494	Task(1)	pci 0000:00:17.5: PCI bridge to [bus 18]
kern	info	4.761494	Task(1)	 SUBSYSTEM=pci
kern	info	4.761494	Task(1)	 DEVICE=+pci:0000:00:17.5
kern	info	4.767946	Task(1)	pci 0000:00:17.6: PCI bridge to [bus 19]
kern	info	4.767946	Task(1)	 SUBSYSTEM=pci
kern	info	4.767946	Task(1)	 DEVICE=+pci:0000:00:17.6
kern	info	4.774247	Task(1)	pci 0000:00:17.7: PCI bridge to [bus 1a]
kern	info	4.774247	Task(1)	 SUBSYSTEM=pci
kern	info	4.774247	Task(1)	 DEVICE=+pci:0000:00:17.7
kern	info	4.779968	Task(1)	pci 0000:00:18.0: PCI bridge to [bus 1b]
kern	info	4.779968	Task(1)	 SUBSYSTEM=pci
kern	info	4.779968	Task(1)	 DEVICE=+pci:0000:00:18.0
kern	info	4.786251	Task(1)	pci 0000:00:18.1: PCI bridge to [bus 1c]
kern	info	4.786251	Task(1)	 SUBSYSTEM=pci
kern	info	4.786251	Task(1)	 DEVICE=+pci:0000:00:18.1
kern	info	4.792255	Task(1)	pci 0000:00:18.2: PCI bridge to [bus 1d]
kern	info	4.792255	Task(1)	 SUBSYSTEM=pci
kern	info	4.792255	Task(1)	 DEVICE=+pci:0000:00:18.2
kern	info	4.797787	Task(1)	pci 0000:00:18.3: PCI bridge to [bus 1e]
kern	info	4.797787	Task(1)	 SUBSYSTEM=pci
kern	info	4.797787	Task(1)	 DEVICE=+pci:0000:00:18.3
kern	info	4.803921	Task(1)	pci 0000:00:18.4: PCI bridge to [bus 1f]
kern	info	4.803921	Task(1)	 SUBSYSTEM=pci
kern	info	4.803921	Task(1)	 DEVICE=+pci:0000:00:18.4
kern	info	4.810840	Task(1)	pci 0000:00:18.5: PCI bridge to [bus 20]
kern	info	4.810840	Task(1)	 SUBSYSTEM=pci
kern	info	4.810840	Task(1)	 DEVICE=+pci:0000:00:18.5
kern	info	4.817072	Task(1)	pci 0000:00:18.6: PCI bridge to [bus 21]
kern	info	4.817072	Task(1)	 SUBSYSTEM=pci
kern	info	4.817072	Task(1)	 DEVICE=+pci:0000:00:18.6
kern	info	4.823783	Task(1)	pci 0000:00:18.7: PCI bridge to [bus 22]
kern	info	4.823783	Task(1)	 SUBSYSTEM=pci
kern	info	4.823783	Task(1)	 DEVICE=+pci:0000:00:18.7
kern	info	4.833114	Task(1)	ACPI: PCI: Interrupt link LNKA configured for IRQ 9
kern	info	4.833475	Task(1)	ACPI: PCI: Interrupt link LNKB configured for IRQ 11
kern	info	4.834440	Task(1)	ACPI: PCI: Interrupt link LNKC configured for IRQ 10
kern	info	4.835454	Task(1)	ACPI: PCI: Interrupt link LNKD configured for IRQ 7
kern	info	4.950346	Task(1)	iommu: Default domain type: Translated
kern	info	4.951260	Task(1)	iommu: DMA domain TLB invalidation policy: lazy mode
kern	notice	4.954220	Task(1)	SCSI subsystem initialized
kern	debug	4.956483	Task(1)	libata version 3.00 loaded.
kern	info	4.956590	Task(1)	ACPI: bus type USB registered
kern	info	4.957434	Task(1)	usbcore: registered new interface driver usbfs
kern	info	4.958282	Task(1)	usbcore: registered new interface driver hub
kern	info	4.960955	Task(1)	usbcore: registered new device driver usb
kern	info	4.961393	Task(1)	pps_core: LinuxPPS API ver. 1 registered
kern	info	4.962259	Task(1)	pps_core: Software ver. 5.3.6 - Copyright 2005-2007 Rodolfo Giometti <giometti@linux.it>
kern	info	4.963287	Task(1)	PTP clock support registered
kern	info	4.967319	Task(1)	EDAC MC: Ver: 3.0.0
kern	info	4.975723	Task(1)	NetLabel: Initializing
kern	info	4.976259	Task(1)	NetLabel:  domain hash size = 128
kern	info	4.977260	Task(1)	NetLabel:  protocols = UNLABELED CIPSOv4 CALIPSO
kern	info	4.978603	Task(1)	NetLabel:  unlabeled traffic allowed by default
kern	info	4.980453	Task(1)	mctp: management component transport protocol core
kern	info	4.981260	Task(1)	NET: Registered PF_MCTP protocol family
kern	info	4.982406	Task(1)	PCI: Using ACPI for IRQ routing
kern	debug	5.645240	Task(1)	PCI: pci_cache_line_size set to 64 bytes
kern	debug	5.648115	Task(1)	e820: reserve RAM buffer [mem 0x0009e800-0x0009ffff]
kern	debug	5.648129	Task(1)	e820: reserve RAM buffer [mem 0xbfed0000-0xbfffffff]
kern	info	5.648341	Task(1)	pci 0000:00:0f.0: vgaarb: setting as boot VGA device
kern	info	5.648341	Task(1)	 SUBSYSTEM=pci
kern	info	5.648341	Task(1)	 DEVICE=+pci:0000:00:0f.0
kern	info	5.649255	Task(1)	pci 0000:00:0f.0: vgaarb: bridge control possible
kern	info	5.649255	Task(1)	 SUBSYSTEM=pci
kern	info	5.649255	Task(1)	 DEVICE=+pci:0000:00:0f.0
kern	info	5.649255	Task(1)	pci 0000:00:0f.0: vgaarb: VGA device added: decodes=io+mem,owns=io+mem,locks=none
kern	info	5.649255	Task(1)	 SUBSYSTEM=pci
kern	info	5.649255	Task(1)	 DEVICE=+pci:0000:00:0f.0
kern	info	5.649294	Task(1)	vgaarb: loaded
kern	info	5.651494	Task(1)	hpet0: at MMIO 0xfed00000, IRQs 2, 8, 0, 0, 0, 0, 0, 0, 0, 0, 0, 0, 0, 0, 0, 0
kern	info	5.652261	Task(1)	hpet0: 16 comparators, 64-bit 14.318180 MHz counter
kern	info	5.658568	Task(1)	clocksource: Switched to clocksource tsc-early
kern	notice	5.666615	Task(1)	VFS: Disk quotas dquot_6.6.0
kern	info	5.667769	Task(1)	VFS: Dquot-cache hash table entries: 512 (order 0, 4096 bytes)
kern	info	5.670883	Task(1)	AppArmor: AppArmor Filesystem Enabled
kern	info	5.672047	Task(1)	pnp: PnP ACPI init
kern	info	5.673272	Task(1)	system 00:00: [io  0x1000-0x103f] has been reserved
kern	info	5.673272	Task(1)	 SUBSYSTEM=pnp
kern	info	5.673272	Task(1)	 DEVICE=+pnp:00:00
kern	info	5.674397	Task(1)	system 00:00: [io  0x1040-0x104f] has been reserved
kern	info	5.674397	Task(1)	 SUBSYSTEM=pnp
kern	info	5.674397	Task(1)	 DEVICE=+pnp:00:00
kern	info	5.675555	Task(1)	system 00:00: [io  0x0cf0-0x0cf1] has been reserved
kern	info	5.675555	Task(1)	 SUBSYSTEM=pnp
kern	info	5.675555	Task(1)	 DEVICE=+pnp:00:00
kern	info	5.677633	Task(1)	system 00:04: [mem 0xfed00000-0xfed003ff] has been reserved
kern	info	5.677633	Task(1)	 SUBSYSTEM=pnp
kern	info	5.677633	Task(1)	 DEVICE=+pnp:00:04
kern	info	5.685227	Task(1)	system 00:06: [io  0xfce0-0xfcff] has been reserved
kern	info	5.685227	Task(1)	 SUBSYSTEM=pnp
kern	info	5.685227	Task(1)	 DEVICE=+pnp:00:06
kern	info	5.686166	Task(1)	system 00:06: [mem 0xf0000000-0xf7ffffff] has been reserved
kern	info	5.686166	Task(1)	 SUBSYSTEM=pnp
kern	info	5.686166	Task(1)	 DEVICE=+pnp:00:06
kern	info	5.688103	Task(1)	system 00:06: [mem 0xfe800000-0xfe9fffff] has been reserved
kern	info	5.688103	Task(1)	 SUBSYSTEM=pnp
kern	info	5.688103	Task(1)	 DEVICE=+pnp:00:06
kern	info	5.774313	Task(1)	pnp: PnP ACPI: found 7 devices
kern	info	5.807070	Task(1)	clocksource: acpi_pm: mask: 0xffffff max_cycles: 0xffffff, max_idle_ns: 2085701024 ns
kern	info	5.809703	Task(1)	NET: Registered PF_INET protocol family
kern	info	5.821316	Task(1)	IP idents hash table entries: 131072 (order: 8, 1048576 bytes, linear)
kern	info	5.892777	Task(1)	tcp_listen_portaddr_hash hash table entries: 4096 (order: 4, 65536 bytes, linear)
kern	info	5.895123	Task(1)	Table-perturb hash table entries: 65536 (order: 6, 262144 bytes, linear)
kern	info	5.898420	Task(1)	TCP established hash table entries: 65536 (order: 7, 524288 bytes, linear)
kern	info	5.911399	Task(1)	TCP bind hash table entries: 65536 (order: 9, 2097152 bytes, linear)
kern	info	5.913797	Task(1)	TCP: Hash tables configured (established 65536 bind 65536)
kern	info	5.920787	Task(1)	MPTCP token hash table entries: 8192 (order: 5, 196608 bytes, linear)
kern	info	5.922657	Task(1)	UDP hash table entries: 4096 (order: 5, 131072 bytes, linear)
kern	info	5.925261	Task(1)	UDP-Lite hash table entries: 4096 (order: 5, 131072 bytes, linear)
kern	info	5.929596	Task(1)	NET: Registered PF_UNIX/PF_LOCAL protocol family
kern	info	5.930996	Task(1)	NET: Registered PF_XDP protocol family
kern	info	5.931800	Task(1)	pci 0000:00:15.3: bridge window [io  0x1000-0x0fff] to [bus 06] add_size 1000
kern	info	5.931800	Task(1)	 SUBSYSTEM=pci
kern	info	5.931800	Task(1)	 DEVICE=+pci:0000:00:15.3
kern	info	5.933561	Task(1)	pci 0000:00:15.4: bridge window [io  0x1000-0x0fff] to [bus 07] add_size 1000
kern	info	5.933561	Task(1)	 SUBSYSTEM=pci
kern	info	5.933561	Task(1)	 DEVICE=+pci:0000:00:15.4
kern	info	5.935206	Task(1)	pci 0000:00:15.5: bridge window [io  0x1000-0x0fff] to [bus 08] add_size 1000
kern	info	5.935206	Task(1)	 SUBSYSTEM=pci
kern	info	5.935206	Task(1)	 DEVICE=+pci:0000:00:15.5
kern	info	5.937060	Task(1)	pci 0000:00:15.6: bridge window [io  0x1000-0x0fff] to [bus 09] add_size 1000
kern	info	5.937060	Task(1)	 SUBSYSTEM=pci
kern	info	5.937060	Task(1)	 DEVICE=+pci:0000:00:15.6
kern	info	5.938989	Task(1)	pci 0000:00:15.7: bridge window [io  0x1000-0x0fff] to [bus 0a] add_size 1000
kern	info	5.938989	Task(1)	 SUBSYSTEM=pci
kern	info	5.938989	Task(1)	 DEVICE=+pci:0000:00:15.7
kern	info	5.940602	Task(1)	pci 0000:00:16.3: bridge window [io  0x1000-0x0fff] to [bus 0e] add_size 1000
kern	info	5.940602	Task(1)	 SUBSYSTEM=pci
kern	info	5.940602	Task(1)	 DEVICE=+pci:0000:00:16.3
kern	info	5.942864	Task(1)	pci 0000:00:16.4: bridge window [io  0x1000-0x0fff] to [bus 0f] add_size 1000
kern	info	5.942864	Task(1)	 SUBSYSTEM=pci
kern	info	5.942864	Task(1)	 DEVICE=+pci:0000:00:16.4
kern	info	5.944913	Task(1)	pci 0000:00:16.5: bridge window [io  0x1000-0x0fff] to [bus 10] add_size 1000
kern	info	5.944913	Task(1)	 SUBSYSTEM=pci
kern	info	5.944913	Task(1)	 DEVICE=+pci:0000:00:16.5
kern	info	5.946542	Task(1)	pci 0000:00:16.6: bridge window [io  0x1000-0x0fff] to [bus 11] add_size 1000
kern	info	5.946542	Task(1)	 SUBSYSTEM=pci
kern	info	5.946542	Task(1)	 DEVICE=+pci:0000:00:16.6
kern	info	5.948351	Task(1)	pci 0000:00:16.7: bridge window [io  0x1000-0x0fff] to [bus 12] add_size 1000
kern	info	5.948351	Task(1)	 SUBSYSTEM=pci
kern	info	5.948351	Task(1)	 DEVICE=+pci:0000:00:16.7
kern	info	5.949958	Task(1)	pci 0000:00:17.3: bridge window [io  0x1000-0x0fff] to [bus 16] add_size 1000
kern	info	5.949958	Task(1)	 SUBSYSTEM=pci
kern	info	5.949958	Task(1)	 DEVICE=+pci:0000:00:17.3
kern	info	5.951729	Task(1)	pci 0000:00:17.4: bridge window [io  0x1000-0x0fff] to [bus 17] add_size 1000
kern	info	5.951729	Task(1)	 SUBSYSTEM=pci
kern	info	5.951729	Task(1)	 DEVICE=+pci:0000:00:17.4
kern	info	5.953372	Task(1)	pci 0000:00:17.5: bridge window [io  0x1000-0x0fff] to [bus 18] add_size 1000
kern	info	5.953372	Task(1)	 SUBSYSTEM=pci
kern	info	5.953372	Task(1)	 DEVICE=+pci:0000:00:17.5
kern	info	5.955090	Task(1)	pci 0000:00:17.6: bridge window [io  0x1000-0x0fff] to [bus 19] add_size 1000
kern	info	5.955090	Task(1)	 SUBSYSTEM=pci
kern	info	5.955090	Task(1)	 DEVICE=+pci:0000:00:17.6
kern	info	5.957083	Task(1)	pci 0000:00:17.7: bridge window [io  0x1000-0x0fff] to [bus 1a] add_size 1000
kern	info	5.957083	Task(1)	 SUBSYSTEM=pci
kern	info	5.957083	Task(1)	 DEVICE=+pci:0000:00:17.7
kern	info	5.959008	Task(1)	pci 0000:00:18.2: bridge window [io  0x1000-0x0fff] to [bus 1d] add_size 1000
kern	info	5.959008	Task(1)	 SUBSYSTEM=pci
kern	info	5.959008	Task(1)	 DEVICE=+pci:0000:00:18.2
kern	info	5.960720	Task(1)	pci 0000:00:18.3: bridge window [io  0x1000-0x0fff] to [bus 1e] add_size 1000
kern	info	5.960720	Task(1)	 SUBSYSTEM=pci
kern	info	5.960720	Task(1)	 DEVICE=+pci:0000:00:18.3
kern	info	5.962333	Task(1)	pci 0000:00:18.4: bridge window [io  0x1000-0x0fff] to [bus 1f] add_size 1000
kern	info	5.962333	Task(1)	 SUBSYSTEM=pci
kern	info	5.962333	Task(1)	 DEVICE=+pci:0000:00:18.4
kern	info	5.964024	Task(1)	pci 0000:00:18.5: bridge window [io  0x1000-0x0fff] to [bus 20] add_size 1000
kern	info	5.964024	Task(1)	 SUBSYSTEM=pci
kern	info	5.964024	Task(1)	 DEVICE=+pci:0000:00:18.5
kern	info	5.965686	Task(1)	pci 0000:00:18.6: bridge window [io  0x1000-0x0fff] to [bus 21] add_size 1000
kern	info	5.965686	Task(1)	 SUBSYSTEM=pci
kern	info	5.965686	Task(1)	 DEVICE=+pci:0000:00:18.6
kern	info	5.967251	Task(1)	pci 0000:00:18.7: bridge window [io  0x1000-0x0fff] to [bus 22] add_size 1000
kern	info	5.967251	Task(1)	 SUBSYSTEM=pci
kern	info	5.967251	Task(1)	 DEVICE=+pci:0000:00:18.7
kern	info	5.969485	Task(1)	pci 0000:00:10.0: ROM [mem 0xc0000000-0xc0003fff pref]: assigned
kern	info	5.969485	Task(1)	 SUBSYSTEM=pci
kern	info	5.969485	Task(1)	 DEVICE=+pci:0000:00:10.0
kern	info	5.970922	Task(1)	pci 0000:00:15.3: bridge window [io  size 0x1000]: can't assign; no space
kern	info	5.970922	Task(1)	 SUBSYSTEM=pci
kern	info	5.970922	Task(1)	 DEVICE=+pci:0000:00:15.3
kern	info	5.973834	Task(1)	pci 0000:00:15.3: bridge window [io  size 0x1000]: failed to assign
kern	info	5.973834	Task(1)	 SUBSYSTEM=pci
kern	info	5.973834	Task(1)	 DEVICE=+pci:0000:00:15.3
kern	info	5.975625	Task(1)	pci 0000:00:15.4: bridge window [io  size 0x1000]: can't assign; no space
kern	info	5.975625	Task(1)	 SUBSYSTEM=pci
kern	info	5.975625	Task(1)	 DEVICE=+pci:0000:00:15.4
kern	info	5.979048	Task(1)	pci 0000:00:15.4: bridge window [io  size 0x1000]: failed to assign
kern	info	5.979048	Task(1)	 SUBSYSTEM=pci
kern	info	5.979048	Task(1)	 DEVICE=+pci:0000:00:15.4
kern	info	5.980544	Task(1)	pci 0000:00:15.5: bridge window [io  size 0x1000]: can't assign; no space
kern	info	5.980544	Task(1)	 SUBSYSTEM=pci
kern	info	5.980544	Task(1)	 DEVICE=+pci:0000:00:15.5
kern	info	5.982111	Task(1)	pci 0000:00:15.5: bridge window [io  size 0x1000]: failed to assign
kern	info	5.982111	Task(1)	 SUBSYSTEM=pci
kern	info	5.982111	Task(1)	 DEVICE=+pci:0000:00:15.5
kern	info	5.983707	Task(1)	pci 0000:00:15.6: bridge window [io  size 0x1000]: can't assign; no space
kern	info	5.983707	Task(1)	 SUBSYSTEM=pci
kern	info	5.983707	Task(1)	 DEVICE=+pci:0000:00:15.6
kern	info	5.985221	Task(1)	pci 0000:00:15.6: bridge window [io  size 0x1000]: failed to assign
kern	info	5.985221	Task(1)	 SUBSYSTEM=pci
kern	info	5.985221	Task(1)	 DEVICE=+pci:0000:00:15.6
kern	info	5.986595	Task(1)	pci 0000:00:15.7: bridge window [io  size 0x1000]: can't assign; no space
kern	info	5.986595	Task(1)	 SUBSYSTEM=pci
kern	info	5.986595	Task(1)	 DEVICE=+pci:0000:00:15.7
kern	info	5.988725	Task(1)	pci 0000:00:15.7: bridge window [io  size 0x1000]: failed to assign
kern	info	5.988725	Task(1)	 SUBSYSTEM=pci
kern	info	5.988725	Task(1)	 DEVICE=+pci:0000:00:15.7
kern	info	5.990407	Task(1)	pci 0000:00:16.3: bridge window [io  size 0x1000]: can't assign; no space
kern	info	5.990407	Task(1)	 SUBSYSTEM=pci
kern	info	5.990407	Task(1)	 DEVICE=+pci:0000:00:16.3
kern	info	5.992227	Task(1)	pci 0000:00:16.3: bridge window [io  size 0x1000]: failed to assign
kern	info	5.992227	Task(1)	 SUBSYSTEM=pci
kern	info	5.992227	Task(1)	 DEVICE=+pci:0000:00:16.3
kern	info	5.993788	Task(1)	pci 0000:00:16.4: bridge window [io  size 0x1000]: can't assign; no space
kern	info	5.993788	Task(1)	 SUBSYSTEM=pci
kern	info	5.993788	Task(1)	 DEVICE=+pci:0000:00:16.4
kern	info	5.995461	Task(1)	pci 0000:00:16.4: bridge window [io  size 0x1000]: failed to assign
kern	info	5.995461	Task(1)	 SUBSYSTEM=pci
kern	info	5.995461	Task(1)	 DEVICE=+pci:0000:00:16.4
kern	info	5.996913	Task(1)	pci 0000:00:16.5: bridge window [io  size 0x1000]: can't assign; no space
kern	info	5.996913	Task(1)	 SUBSYSTEM=pci
kern	info	5.996913	Task(1)	 DEVICE=+pci:0000:00:16.5
kern	info	5.999004	Task(1)	pci 0000:00:16.5: bridge window [io  size 0x1000]: failed to assign
kern	info	5.999004	Task(1)	 SUBSYSTEM=pci
kern	info	5.999004	Task(1)	 DEVICE=+pci:0000:00:16.5
kern	info	6.000504	Task(1)	pci 0000:00:16.6: bridge window [io  size 0x1000]: can't assign; no space
kern	info	6.000504	Task(1)	 SUBSYSTEM=pci
kern	info	6.000504	Task(1)	 DEVICE=+pci:0000:00:16.6
kern	info	6.002356	Task(1)	pci 0000:00:16.6: bridge window [io  size 0x1000]: failed to assign
kern	info	6.002356	Task(1)	 SUBSYSTEM=pci
kern	info	6.002356	Task(1)	 DEVICE=+pci:0000:00:16.6
kern	info	6.004356	Task(1)	pci 0000:00:16.7: bridge window [io  size 0x1000]: can't assign; no space
kern	info	6.004356	Task(1)	 SUBSYSTEM=pci
kern	info	6.004356	Task(1)	 DEVICE=+pci:0000:00:16.7
kern	info	6.005895	Task(1)	pci 0000:00:16.7: bridge window [io  size 0x1000]: failed to assign
kern	info	6.005895	Task(1)	 SUBSYSTEM=pci
kern	info	6.005895	Task(1)	 DEVICE=+pci:0000:00:16.7
kern	info	6.007508	Task(1)	pci 0000:00:17.3: bridge window [io  size 0x1000]: can't assign; no space
kern	info	6.007508	Task(1)	 SUBSYSTEM=pci
kern	info	6.007508	Task(1)	 DEVICE=+pci:0000:00:17.3
kern	info	6.009223	Task(1)	pci 0000:00:17.3: bridge window [io  size 0x1000]: failed to assign
kern	info	6.009223	Task(1)	 SUBSYSTEM=pci
kern	info	6.009223	Task(1)	 DEVICE=+pci:0000:00:17.3
kern	info	6.010728	Task(1)	pci 0000:00:17.4: bridge window [io  size 0x1000]: can't assign; no space
kern	info	6.010728	Task(1)	 SUBSYSTEM=pci
kern	info	6.010728	Task(1)	 DEVICE=+pci:0000:00:17.4
kern	info	6.012520	Task(1)	pci 0000:00:17.4: bridge window [io  size 0x1000]: failed to assign
kern	info	6.012520	Task(1)	 SUBSYSTEM=pci
kern	info	6.012520	Task(1)	 DEVICE=+pci:0000:00:17.4
kern	info	6.014035	Task(1)	pci 0000:00:17.5: bridge window [io  size 0x1000]: can't assign; no space
kern	info	6.014035	Task(1)	 SUBSYSTEM=pci
kern	info	6.014035	Task(1)	 DEVICE=+pci:0000:00:17.5
kern	info	6.016041	Task(1)	pci 0000:00:17.5: bridge window [io  size 0x1000]: failed to assign
kern	info	6.016041	Task(1)	 SUBSYSTEM=pci
kern	info	6.016041	Task(1)	 DEVICE=+pci:0000:00:17.5
kern	info	6.017433	Task(1)	pci 0000:00:17.6: bridge window [io  size 0x1000]: can't assign; no space
kern	info	6.017433	Task(1)	 SUBSYSTEM=pci
kern	info	6.017433	Task(1)	 DEVICE=+pci:0000:00:17.6
kern	info	6.019783	Task(1)	pci 0000:00:17.6: bridge window [io  size 0x1000]: failed to assign
kern	info	6.019783	Task(1)	 SUBSYSTEM=pci
kern	info	6.019783	Task(1)	 DEVICE=+pci:0000:00:17.6
kern	info	6.021237	Task(1)	pci 0000:00:17.7: bridge window [io  size 0x1000]: can't assign; no space
kern	info	6.021237	Task(1)	 SUBSYSTEM=pci
kern	info	6.021237	Task(1)	 DEVICE=+pci:0000:00:17.7
kern	info	6.022757	Task(1)	pci 0000:00:17.7: bridge window [io  size 0x1000]: failed to assign
kern	info	6.022757	Task(1)	 SUBSYSTEM=pci
kern	info	6.022757	Task(1)	 DEVICE=+pci:0000:00:17.7
kern	info	6.024320	Task(1)	pci 0000:00:18.2: bridge window [io  size 0x1000]: can't assign; no space
kern	info	6.024320	Task(1)	 SUBSYSTEM=pci
kern	info	6.024320	Task(1)	 DEVICE=+pci:0000:00:18.2
kern	info	6.025823	Task(1)	pci 0000:00:18.2: bridge window [io  size 0x1000]: failed to assign
kern	info	6.025823	Task(1)	 SUBSYSTEM=pci
kern	info	6.025823	Task(1)	 DEVICE=+pci:0000:00:18.2
kern	info	6.027422	Task(1)	pci 0000:00:18.3: bridge window [io  size 0x1000]: can't assign; no space
kern	info	6.027422	Task(1)	 SUBSYSTEM=pci
kern	info	6.027422	Task(1)	 DEVICE=+pci:0000:00:18.3
kern	info	6.029178	Task(1)	pci 0000:00:18.3: bridge window [io  size 0x1000]: failed to assign
kern	info	6.029178	Task(1)	 SUBSYSTEM=pci
kern	info	6.029178	Task(1)	 DEVICE=+pci:0000:00:18.3
kern	info	6.030831	Task(1)	pci 0000:00:18.4: bridge window [io  size 0x1000]: can't assign; no space
kern	info	6.030831	Task(1)	 SUBSYSTEM=pci
kern	info	6.030831	Task(1)	 DEVICE=+pci:0000:00:18.4
kern	info	6.032451	Task(1)	pci 0000:00:18.4: bridge window [io  size 0x1000]: failed to assign
kern	info	6.032451	Task(1)	 SUBSYSTEM=pci
kern	info	6.032451	Task(1)	 DEVICE=+pci:0000:00:18.4
kern	info	6.034548	Task(1)	pci 0000:00:18.5: bridge window [io  size 0x1000]: can't assign; no space
kern	info	6.034548	Task(1)	 SUBSYSTEM=pci
kern	info	6.034548	Task(1)	 DEVICE=+pci:0000:00:18.5
kern	info	6.036460	Task(1)	pci 0000:00:18.5: bridge window [io  size 0x1000]: failed to assign
kern	info	6.036460	Task(1)	 SUBSYSTEM=pci
kern	info	6.036460	Task(1)	 DEVICE=+pci:0000:00:18.5
kern	info	6.038048	Task(1)	pci 0000:00:18.6: bridge window [io  size 0x1000]: can't assign; no space
kern	info	6.038048	Task(1)	 SUBSYSTEM=pci
kern	info	6.038048	Task(1)	 DEVICE=+pci:0000:00:18.6
kern	info	6.039583	Task(1)	pci 0000:00:18.6: bridge window [io  size 0x1000]: failed to assign
kern	info	6.039583	Task(1)	 SUBSYSTEM=pci
kern	info	6.039583	Task(1)	 DEVICE=+pci:0000:00:18.6
kern	info	6.041678	Task(1)	pci 0000:00:18.7: bridge window [io  size 0x1000]: can't assign; no space
kern	info	6.041678	Task(1)	 SUBSYSTEM=pci
kern	info	6.041678	Task(1)	 DEVICE=+pci:0000:00:18.7
kern	info	6.043390	Task(1)	pci 0000:00:18.7: bridge window [io  size 0x1000]: failed to assign
kern	info	6.043390	Task(1)	 SUBSYSTEM=pci
kern	info	6.043390	Task(1)	 DEVICE=+pci:0000:00:18.7
kern	info	6.044964	Task(1)	pci 0000:00:18.7: bridge window [io  size 0x1000]: can't assign; no space
kern	info	6.044964	Task(1)	 SUBSYSTEM=pci
kern	info	6.044964	Task(1)	 DEVICE=+pci:0000:00:18.7
kern	info	6.046673	Task(1)	pci 0000:00:18.7: bridge window [io  size 0x1000]: failed to assign
kern	info	6.046673	Task(1)	 SUBSYSTEM=pci
kern	info	6.046673	Task(1)	 DEVICE=+pci:0000:00:18.7
kern	info	6.049100	Task(1)	pci 0000:00:18.6: bridge window [io  size 0x1000]: can't assign; no space
kern	info	6.049100	Task(1)	 SUBSYSTEM=pci
kern	info	6.049100	Task(1)	 DEVICE=+pci:0000:00:18.6
kern	info	6.050974	Task(1)	pci 0000:00:18.6: bridge window [io  size 0x1000]: failed to assign
kern	info	6.050974	Task(1)	 SUBSYSTEM=pci
kern	info	6.050974	Task(1)	 DEVICE=+pci:0000:00:18.6
kern	info	6.052489	Task(1)	pci 0000:00:18.5: bridge window [io  size 0x1000]: can't assign; no space
kern	info	6.052489	Task(1)	 SUBSYSTEM=pci
kern	info	6.052489	Task(1)	 DEVICE=+pci:0000:00:18.5
kern	info	6.054167	Task(1)	pci 0000:00:18.5: bridge window [io  size 0x1000]: failed to assign
kern	info	6.054167	Task(1)	 SUBSYSTEM=pci
kern	info	6.054167	Task(1)	 DEVICE=+pci:0000:00:18.5
kern	info	6.055737	Task(1)	pci 0000:00:18.4: bridge window [io  size 0x1000]: can't assign; no space
kern	info	6.055737	Task(1)	 SUBSYSTEM=pci
kern	info	6.055737	Task(1)	 DEVICE=+pci:0000:00:18.4
kern	info	6.057357	Task(1)	pci 0000:00:18.4: bridge window [io  size 0x1000]: failed to assign
kern	info	6.057357	Task(1)	 SUBSYSTEM=pci
kern	info	6.057357	Task(1)	 DEVICE=+pci:0000:00:18.4
kern	info	6.058943	Task(1)	pci 0000:00:18.3: bridge window [io  size 0x1000]: can't assign; no space
kern	info	6.058943	Task(1)	 SUBSYSTEM=pci
kern	info	6.058943	Task(1)	 DEVICE=+pci:0000:00:18.3
kern	info	6.060408	Task(1)	pci 0000:00:18.3: bridge window [io  size 0x1000]: failed to assign
kern	info	6.060408	Task(1)	 SUBSYSTEM=pci
kern	info	6.060408	Task(1)	 DEVICE=+pci:0000:00:18.3
kern	info	6.061796	Task(1)	pci 0000:00:18.2: bridge window [io  size 0x1000]: can't assign; no space
kern	info	6.061796	Task(1)	 SUBSYSTEM=pci
kern	info	6.061796	Task(1)	 DEVICE=+pci:0000:00:18.2
kern	info	6.064249	Task(1)	pci 0000:00:18.2: bridge window [io  size 0x1000]: failed to assign
kern	info	6.064249	Task(1)	 SUBSYSTEM=pci
kern	info	6.064249	Task(1)	 DEVICE=+pci:0000:00:18.2
kern	info	6.065989	Task(1)	pci 0000:00:17.7: bridge window [io  size 0x1000]: can't assign; no space
kern	info	6.065989	Task(1)	 SUBSYSTEM=pci
kern	info	6.065989	Task(1)	 DEVICE=+pci:0000:00:17.7
kern	info	6.067680	Task(1)	pci 0000:00:17.7: bridge window [io  size 0x1000]: failed to assign
kern	info	6.067680	Task(1)	 SUBSYSTEM=pci
kern	info	6.067680	Task(1)	 DEVICE=+pci:0000:00:17.7
kern	info	6.069215	Task(1)	pci 0000:00:17.6: bridge window [io  size 0x1000]: can't assign; no space
kern	info	6.069215	Task(1)	 SUBSYSTEM=pci
kern	info	6.069215	Task(1)	 DEVICE=+pci:0000:00:17.6
kern	info	6.070899	Task(1)	pci 0000:00:17.6: bridge window [io  size 0x1000]: failed to assign
kern	info	6.070899	Task(1)	 SUBSYSTEM=pci
kern	info	6.070899	Task(1)	 DEVICE=+pci:0000:00:17.6
kern	info	6.072549	Task(1)	pci 0000:00:17.5: bridge window [io  size 0x1000]: can't assign; no space
kern	info	6.072549	Task(1)	 SUBSYSTEM=pci
kern	info	6.072549	Task(1)	 DEVICE=+pci:0000:00:17.5
kern	info	6.074269	Task(1)	pci 0000:00:17.5: bridge window [io  size 0x1000]: failed to assign
kern	info	6.074269	Task(1)	 SUBSYSTEM=pci
kern	info	6.074269	Task(1)	 DEVICE=+pci:0000:00:17.5
kern	info	6.075712	Task(1)	pci 0000:00:17.4: bridge window [io  size 0x1000]: can't assign; no space
kern	info	6.075712	Task(1)	 SUBSYSTEM=pci
kern	info	6.075712	Task(1)	 DEVICE=+pci:0000:00:17.4
kern	info	6.077384	Task(1)	pci 0000:00:17.4: bridge window [io  size 0x1000]: failed to assign
kern	info	6.077384	Task(1)	 SUBSYSTEM=pci
kern	info	6.077384	Task(1)	 DEVICE=+pci:0000:00:17.4
kern	info	6.079064	Task(1)	pci 0000:00:17.3: bridge window [io  size 0x1000]: can't assign; no space
kern	info	6.079064	Task(1)	 SUBSYSTEM=pci
kern	info	6.079064	Task(1)	 DEVICE=+pci:0000:00:17.3
kern	info	6.080904	Task(1)	pci 0000:00:17.3: bridge window [io  size 0x1000]: failed to assign
kern	info	6.080904	Task(1)	 SUBSYSTEM=pci
kern	info	6.080904	Task(1)	 DEVICE=+pci:0000:00:17.3
kern	info	6.082615	Task(1)	pci 0000:00:16.7: bridge window [io  size 0x1000]: can't assign; no space
kern	info	6.082615	Task(1)	 SUBSYSTEM=pci
kern	info	6.082615	Task(1)	 DEVICE=+pci:0000:00:16.7
kern	info	6.084445	Task(1)	pci 0000:00:16.7: bridge window [io  size 0x1000]: failed to assign
kern	info	6.084445	Task(1)	 SUBSYSTEM=pci
kern	info	6.084445	Task(1)	 DEVICE=+pci:0000:00:16.7
kern	info	6.085921	Task(1)	pci 0000:00:16.6: bridge window [io  size 0x1000]: can't assign; no space
kern	info	6.085921	Task(1)	 SUBSYSTEM=pci
kern	info	6.085921	Task(1)	 DEVICE=+pci:0000:00:16.6
kern	info	6.087602	Task(1)	pci 0000:00:16.6: bridge window [io  size 0x1000]: failed to assign
kern	info	6.087602	Task(1)	 SUBSYSTEM=pci
kern	info	6.087602	Task(1)	 DEVICE=+pci:0000:00:16.6
kern	info	6.089238	Task(1)	pci 0000:00:16.5: bridge window [io  size 0x1000]: can't assign; no space
kern	info	6.089238	Task(1)	 SUBSYSTEM=pci
kern	info	6.089238	Task(1)	 DEVICE=+pci:0000:00:16.5
kern	info	6.090865	Task(1)	pci 0000:00:16.5: bridge window [io  size 0x1000]: failed to assign
kern	info	6.090865	Task(1)	 SUBSYSTEM=pci
kern	info	6.090865	Task(1)	 DEVICE=+pci:0000:00:16.5
kern	info	6.092438	Task(1)	pci 0000:00:16.4: bridge window [io  size 0x1000]: can't assign; no space
kern	info	6.092438	Task(1)	 SUBSYSTEM=pci
kern	info	6.092438	Task(1)	 DEVICE=+pci:0000:00:16.4
kern	info	6.094336	Task(1)	pci 0000:00:16.4: bridge window [io  size 0x1000]: failed to assign
kern	info	6.094336	Task(1)	 SUBSYSTEM=pci
kern	info	6.094336	Task(1)	 DEVICE=+pci:0000:00:16.4
kern	info	6.096577	Task(1)	pci 0000:00:16.3: bridge window [io  size 0x1000]: can't assign; no space
kern	info	6.096577	Task(1)	 SUBSYSTEM=pci
kern	info	6.096577	Task(1)	 DEVICE=+pci:0000:00:16.3
kern	info	6.098255	Task(1)	pci 0000:00:16.3: bridge window [io  size 0x1000]: failed to assign
kern	info	6.098255	Task(1)	 SUBSYSTEM=pci
kern	info	6.098255	Task(1)	 DEVICE=+pci:0000:00:16.3
kern	info	6.099915	Task(1)	pci 0000:00:15.7: bridge window [io  size 0x1000]: can't assign; no space
kern	info	6.099915	Task(1)	 SUBSYSTEM=pci
kern	info	6.099915	Task(1)	 DEVICE=+pci:0000:00:15.7
kern	info	6.101517	Task(1)	pci 0000:00:15.7: bridge window [io  size 0x1000]: failed to assign
kern	info	6.101517	Task(1)	 SUBSYSTEM=pci
kern	info	6.101517	Task(1)	 DEVICE=+pci:0000:00:15.7
kern	info	6.103137	Task(1)	pci 0000:00:15.6: bridge window [io  size 0x1000]: can't assign; no space
kern	info	6.103137	Task(1)	 SUBSYSTEM=pci
kern	info	6.103137	Task(1)	 DEVICE=+pci:0000:00:15.6
kern	info	6.104936	Task(1)	pci 0000:00:15.6: bridge window [io  size 0x1000]: failed to assign
kern	info	6.104936	Task(1)	 SUBSYSTEM=pci
kern	info	6.104936	Task(1)	 DEVICE=+pci:0000:00:15.6
kern	info	6.106541	Task(1)	pci 0000:00:15.5: bridge window [io  size 0x1000]: can't assign; no space
kern	info	6.106541	Task(1)	 SUBSYSTEM=pci
kern	info	6.106541	Task(1)	 DEVICE=+pci:0000:00:15.5
kern	info	6.108220	Task(1)	pci 0000:00:15.5: bridge window [io  size 0x1000]: failed to assign
kern	info	6.108220	Task(1)	 SUBSYSTEM=pci
kern	info	6.108220	Task(1)	 DEVICE=+pci:0000:00:15.5
kern	info	6.110115	Task(1)	pci 0000:00:15.4: bridge window [io  size 0x1000]: can't assign; no space
kern	info	6.110115	Task(1)	 SUBSYSTEM=pci
kern	info	6.110115	Task(1)	 DEVICE=+pci:0000:00:15.4
kern	info	6.111057	Task(1)	pci 0000:00:15.4: bridge window [io  size 0x1000]: failed to assign
kern	info	6.111057	Task(1)	 SUBSYSTEM=pci
kern	info	6.111057	Task(1)	 DEVICE=+pci:0000:00:15.4
kern	info	6.113546	Task(1)	pci 0000:00:15.3: bridge window [io  size 0x1000]: can't assign; no space
kern	info	6.113546	Task(1)	 SUBSYSTEM=pci
kern	info	6.113546	Task(1)	 DEVICE=+pci:0000:00:15.3
kern	info	6.115250	Task(1)	pci 0000:00:15.3: bridge window [io  size 0x1000]: failed to assign
kern	info	6.115250	Task(1)	 SUBSYSTEM=pci
kern	info	6.115250	Task(1)	 DEVICE=+pci:0000:00:15.3
kern	info	6.116807	Task(1)	pci 0000:00:01.0: PCI bridge to [bus 01]
kern	info	6.116807	Task(1)	 SUBSYSTEM=pci
kern	info	6.116807	Task(1)	 DEVICE=+pci:0000:00:01.0
kern	info	6.118255	Task(1)	pci 0000:02:01.0: ROM [mem 0xfd500000-0xfd50ffff pref]: assigned
kern	info	6.118255	Task(1)	 SUBSYSTEM=pci
kern	info	6.118255	Task(1)	 DEVICE=+pci:0000:02:01.0
kern	info	6.119710	Task(1)	pci 0000:02:04.0: ROM [mem 0xfd510000-0xfd51ffff pref]: assigned
kern	info	6.119710	Task(1)	 SUBSYSTEM=pci
kern	info	6.119710	Task(1)	 DEVICE=+pci:0000:02:04.0
kern	info	6.121206	Task(1)	pci 0000:00:11.0: PCI bridge to [bus 02]
kern	info	6.121206	Task(1)	 SUBSYSTEM=pci
kern	info	6.121206	Task(1)	 DEVICE=+pci:0000:00:11.0
kern	info	6.122114	Task(1)	pci 0000:00:11.0:   bridge window [io  0x2000-0x3fff]
kern	info	6.122114	Task(1)	 SUBSYSTEM=pci
kern	info	6.122114	Task(1)	 DEVICE=+pci:0000:00:11.0
kern	info	6.123788	Task(1)	pci 0000:00:11.0:   bridge window [mem 0xfd500000-0xfdffffff]
kern	info	6.123788	Task(1)	 SUBSYSTEM=pci
kern	info	6.123788	Task(1)	 DEVICE=+pci:0000:00:11.0
kern	info	6.125325	Task(1)	pci 0000:00:11.0:   bridge window [mem 0xe7b00000-0xe7ffffff 64bit pref]
kern	info	6.125325	Task(1)	 SUBSYSTEM=pci
kern	info	6.125325	Task(1)	 DEVICE=+pci:0000:00:11.0
kern	info	6.126979	Task(1)	pci 0000:00:15.0: PCI bridge to [bus 03]
kern	info	6.126979	Task(1)	 SUBSYSTEM=pci
kern	info	6.126979	Task(1)	 DEVICE=+pci:0000:00:15.0
kern	info	6.128064	Task(1)	pci 0000:00:15.0:   bridge window [io  0x4000-0x4fff]
kern	info	6.128064	Task(1)	 SUBSYSTEM=pci
kern	info	6.128064	Task(1)	 DEVICE=+pci:0000:00:15.0
kern	info	6.129515	Task(1)	pci 0000:00:15.0:   bridge window [mem 0xfd400000-0xfd4fffff]
kern	info	6.129515	Task(1)	 SUBSYSTEM=pci
kern	info	6.129515	Task(1)	 DEVICE=+pci:0000:00:15.0
kern	info	6.131055	Task(1)	pci 0000:00:15.0:   bridge window [mem 0xe7a00000-0xe7afffff 64bit pref]
kern	info	6.131055	Task(1)	 SUBSYSTEM=pci
kern	info	6.131055	Task(1)	 DEVICE=+pci:0000:00:15.0
kern	info	6.133210	Task(1)	pci 0000:00:15.1: PCI bridge to [bus 04]
kern	info	6.133210	Task(1)	 SUBSYSTEM=pci
kern	info	6.133210	Task(1)	 DEVICE=+pci:0000:00:15.1
kern	info	6.134360	Task(1)	pci 0000:00:15.1:   bridge window [io  0x8000-0x8fff]
kern	info	6.134360	Task(1)	 SUBSYSTEM=pci
kern	info	6.134360	Task(1)	 DEVICE=+pci:0000:00:15.1
kern	info	6.135727	Task(1)	pci 0000:00:15.1:   bridge window [mem 0xfd000000-0xfd0fffff]
kern	info	6.135727	Task(1)	 SUBSYSTEM=pci
kern	info	6.135727	Task(1)	 DEVICE=+pci:0000:00:15.1
kern	info	6.137130	Task(1)	pci 0000:00:15.1:   bridge window [mem 0xe7600000-0xe76fffff 64bit pref]
kern	info	6.137130	Task(1)	 SUBSYSTEM=pci
kern	info	6.137130	Task(1)	 DEVICE=+pci:0000:00:15.1
kern	info	6.140774	Task(1)	pci 0000:00:15.2: PCI bridge to [bus 05]
kern	info	6.140774	Task(1)	 SUBSYSTEM=pci
kern	info	6.140774	Task(1)	 DEVICE=+pci:0000:00:15.2
kern	info	6.141976	Task(1)	pci 0000:00:15.2:   bridge window [io  0xc000-0xcfff]
kern	info	6.141976	Task(1)	 SUBSYSTEM=pci
kern	info	6.141976	Task(1)	 DEVICE=+pci:0000:00:15.2
kern	info	6.143461	Task(1)	pci 0000:00:15.2:   bridge window [mem 0xfcc00000-0xfccfffff]
kern	info	6.143461	Task(1)	 SUBSYSTEM=pci
kern	info	6.143461	Task(1)	 DEVICE=+pci:0000:00:15.2
kern	info	6.144881	Task(1)	pci 0000:00:15.2:   bridge window [mem 0xe7200000-0xe72fffff 64bit pref]
kern	info	6.144881	Task(1)	 SUBSYSTEM=pci
kern	info	6.144881	Task(1)	 DEVICE=+pci:0000:00:15.2
kern	info	6.146590	Task(1)	pci 0000:00:15.3: PCI bridge to [bus 06]
kern	info	6.146590	Task(1)	 SUBSYSTEM=pci
kern	info	6.146590	Task(1)	 DEVICE=+pci:0000:00:15.3
kern	info	6.147820	Task(1)	pci 0000:00:15.3:   bridge window [mem 0xfc800000-0xfc8fffff]
kern	info	6.147820	Task(1)	 SUBSYSTEM=pci
kern	info	6.147820	Task(1)	 DEVICE=+pci:0000:00:15.3
kern	info	6.149352	Task(1)	pci 0000:00:15.3:   bridge window [mem 0xe6e00000-0xe6efffff 64bit pref]
kern	info	6.149352	Task(1)	 SUBSYSTEM=pci
kern	info	6.149352	Task(1)	 DEVICE=+pci:0000:00:15.3
kern	info	6.151351	Task(1)	pci 0000:00:15.4: PCI bridge to [bus 07]
kern	info	6.151351	Task(1)	 SUBSYSTEM=pci
kern	info	6.151351	Task(1)	 DEVICE=+pci:0000:00:15.4
kern	info	6.152618	Task(1)	pci 0000:00:15.4:   bridge window [mem 0xfc400000-0xfc4fffff]
kern	info	6.152618	Task(1)	 SUBSYSTEM=pci
kern	info	6.152618	Task(1)	 DEVICE=+pci:0000:00:15.4
kern	info	6.154220	Task(1)	pci 0000:00:15.4:   bridge window [mem 0xe6a00000-0xe6afffff 64bit pref]
kern	info	6.154220	Task(1)	 SUBSYSTEM=pci
kern	info	6.154220	Task(1)	 DEVICE=+pci:0000:00:15.4
kern	info	6.155990	Task(1)	pci 0000:00:15.5: PCI bridge to [bus 08]
kern	info	6.155990	Task(1)	 SUBSYSTEM=pci
kern	info	6.155990	Task(1)	 DEVICE=+pci:0000:00:15.5
kern	info	6.157089	Task(1)	pci 0000:00:15.5:   bridge window [mem 0xfc000000-0xfc0fffff]
kern	info	6.157089	Task(1)	 SUBSYSTEM=pci
kern	info	6.157089	Task(1)	 DEVICE=+pci:0000:00:15.5
kern	info	6.158658	Task(1)	pci 0000:00:15.5:   bridge window [mem 0xe6600000-0xe66fffff 64bit pref]
kern	info	6.158658	Task(1)	 SUBSYSTEM=pci
kern	info	6.158658	Task(1)	 DEVICE=+pci:0000:00:15.5
kern	info	6.160512	Task(1)	pci 0000:00:15.6: PCI bridge to [bus 09]
kern	info	6.160512	Task(1)	 SUBSYSTEM=pci
kern	info	6.160512	Task(1)	 DEVICE=+pci:0000:00:15.6
kern	info	6.161779	Task(1)	pci 0000:00:15.6:   bridge window [mem 0xfbc00000-0xfbcfffff]
kern	info	6.161779	Task(1)	 SUBSYSTEM=pci
kern	info	6.161779	Task(1)	 DEVICE=+pci:0000:00:15.6
kern	info	6.163124	Task(1)	pci 0000:00:15.6:   bridge window [mem 0xe6200000-0xe62fffff 64bit pref]
kern	info	6.163124	Task(1)	 SUBSYSTEM=pci
kern	info	6.163124	Task(1)	 DEVICE=+pci:0000:00:15.6
kern	info	6.165161	Task(1)	pci 0000:00:15.7: PCI bridge to [bus 0a]
kern	info	6.165161	Task(1)	 SUBSYSTEM=pci
kern	info	6.165161	Task(1)	 DEVICE=+pci:0000:00:15.7
kern	info	6.165988	Task(1)	pci 0000:00:15.7:   bridge window [mem 0xfb800000-0xfb8fffff]
kern	info	6.165988	Task(1)	 SUBSYSTEM=pci
kern	info	6.165988	Task(1)	 DEVICE=+pci:0000:00:15.7
kern	info	6.167641	Task(1)	pci 0000:00:15.7:   bridge window [mem 0xe5e00000-0xe5efffff 64bit pref]
kern	info	6.167641	Task(1)	 SUBSYSTEM=pci
kern	info	6.167641	Task(1)	 DEVICE=+pci:0000:00:15.7
kern	info	6.169666	Task(1)	pci 0000:00:16.0: PCI bridge to [bus 0b]
kern	info	6.169666	Task(1)	 SUBSYSTEM=pci
kern	info	6.169666	Task(1)	 DEVICE=+pci:0000:00:16.0
kern	info	6.170655	Task(1)	pci 0000:00:16.0:   bridge window [io  0x5000-0x5fff]
kern	info	6.170655	Task(1)	 SUBSYSTEM=pci
kern	info	6.170655	Task(1)	 DEVICE=+pci:0000:00:16.0
kern	info	6.172688	Task(1)	pci 0000:00:16.0:   bridge window [mem 0xfd300000-0xfd3fffff]
kern	info	6.172688	Task(1)	 SUBSYSTEM=pci
kern	info	6.172688	Task(1)	 DEVICE=+pci:0000:00:16.0
kern	info	6.174953	Task(1)	pci 0000:00:16.0:   bridge window [mem 0xe7900000-0xe79fffff 64bit pref]
kern	info	6.174953	Task(1)	 SUBSYSTEM=pci
kern	info	6.174953	Task(1)	 DEVICE=+pci:0000:00:16.0
kern	info	6.176861	Task(1)	pci 0000:00:16.1: PCI bridge to [bus 0c]
kern	info	6.176861	Task(1)	 SUBSYSTEM=pci
kern	info	6.176861	Task(1)	 DEVICE=+pci:0000:00:16.1
kern	info	6.178018	Task(1)	pci 0000:00:16.1:   bridge window [io  0x9000-0x9fff]
kern	info	6.178018	Task(1)	 SUBSYSTEM=pci
kern	info	6.178018	Task(1)	 DEVICE=+pci:0000:00:16.1
kern	info	6.179449	Task(1)	pci 0000:00:16.1:   bridge window [mem 0xfcf00000-0xfcffffff]
kern	info	6.179449	Task(1)	 SUBSYSTEM=pci
kern	info	6.179449	Task(1)	 DEVICE=+pci:0000:00:16.1
kern	info	6.180893	Task(1)	pci 0000:00:16.1:   bridge window [mem 0xe7500000-0xe75fffff 64bit pref]
kern	info	6.180893	Task(1)	 SUBSYSTEM=pci
kern	info	6.180893	Task(1)	 DEVICE=+pci:0000:00:16.1
kern	info	6.182754	Task(1)	pci 0000:00:16.2: PCI bridge to [bus 0d]
kern	info	6.182754	Task(1)	 SUBSYSTEM=pci
kern	info	6.182754	Task(1)	 DEVICE=+pci:0000:00:16.2
kern	info	6.183973	Task(1)	pci 0000:00:16.2:   bridge window [io  0xd000-0xdfff]
kern	info	6.183973	Task(1)	 SUBSYSTEM=pci
kern	info	6.183973	Task(1)	 DEVICE=+pci:0000:00:16.2
kern	info	6.184914	Task(1)	pci 0000:00:16.2:   bridge window [mem 0xfcb00000-0xfcbfffff]
kern	info	6.184914	Task(1)	 SUBSYSTEM=pci
kern	info	6.184914	Task(1)	 DEVICE=+pci:0000:00:16.2
kern	info	6.186778	Task(1)	pci 0000:00:16.2:   bridge window [mem 0xe7100000-0xe71fffff 64bit pref]
kern	info	6.186778	Task(1)	 SUBSYSTEM=pci
kern	info	6.186778	Task(1)	 DEVICE=+pci:0000:00:16.2
kern	info	6.188827	Task(1)	pci 0000:00:16.3: PCI bridge to [bus 0e]
kern	info	6.188827	Task(1)	 SUBSYSTEM=pci
kern	info	6.188827	Task(1)	 DEVICE=+pci:0000:00:16.3
kern	info	6.190125	Task(1)	pci 0000:00:16.3:   bridge window [mem 0xfc700000-0xfc7fffff]
kern	info	6.190125	Task(1)	 SUBSYSTEM=pci
kern	info	6.190125	Task(1)	 DEVICE=+pci:0000:00:16.3
kern	info	6.191700	Task(1)	pci 0000:00:16.3:   bridge window [mem 0xe6d00000-0xe6dfffff 64bit pref]
kern	info	6.191700	Task(1)	 SUBSYSTEM=pci
kern	info	6.191700	Task(1)	 DEVICE=+pci:0000:00:16.3
kern	info	6.193524	Task(1)	pci 0000:00:16.4: PCI bridge to [bus 0f]
kern	info	6.193524	Task(1)	 SUBSYSTEM=pci
kern	info	6.193524	Task(1)	 DEVICE=+pci:0000:00:16.4
kern	info	6.194127	Task(1)	pci 0000:00:16.4:   bridge window [mem 0xfc300000-0xfc3fffff]
kern	info	6.194127	Task(1)	 SUBSYSTEM=pci
kern	info	6.194127	Task(1)	 DEVICE=+pci:0000:00:16.4
kern	info	6.196173	Task(1)	pci 0000:00:16.4:   bridge window [mem 0xe6900000-0xe69fffff 64bit pref]
kern	info	6.196173	Task(1)	 SUBSYSTEM=pci
kern	info	6.196173	Task(1)	 DEVICE=+pci:0000:00:16.4
kern	info	6.198186	Task(1)	pci 0000:00:16.5: PCI bridge to [bus 10]
kern	info	6.198186	Task(1)	 SUBSYSTEM=pci
kern	info	6.198186	Task(1)	 DEVICE=+pci:0000:00:16.5
kern	info	6.199643	Task(1)	pci 0000:00:16.5:   bridge window [mem 0xfbf00000-0xfbffffff]
kern	info	6.199643	Task(1)	 SUBSYSTEM=pci
kern	info	6.199643	Task(1)	 DEVICE=+pci:0000:00:16.5
kern	info	6.201272	Task(1)	pci 0000:00:16.5:   bridge window [mem 0xe6500000-0xe65fffff 64bit pref]
kern	info	6.201272	Task(1)	 SUBSYSTEM=pci
kern	info	6.201272	Task(1)	 DEVICE=+pci:0000:00:16.5
kern	info	6.203208	Task(1)	pci 0000:00:16.6: PCI bridge to [bus 11]
kern	info	6.203208	Task(1)	 SUBSYSTEM=pci
kern	info	6.203208	Task(1)	 DEVICE=+pci:0000:00:16.6
kern	info	6.204625	Task(1)	pci 0000:00:16.6:   bridge window [mem 0xfbb00000-0xfbbfffff]
kern	info	6.204625	Task(1)	 SUBSYSTEM=pci
kern	info	6.204625	Task(1)	 DEVICE=+pci:0000:00:16.6
kern	info	6.206130	Task(1)	pci 0000:00:16.6:   bridge window [mem 0xe6100000-0xe61fffff 64bit pref]
kern	info	6.206130	Task(1)	 SUBSYSTEM=pci
kern	info	6.206130	Task(1)	 DEVICE=+pci:0000:00:16.6
kern	info	6.208091	Task(1)	pci 0000:00:16.7: PCI bridge to [bus 12]
kern	info	6.208091	Task(1)	 SUBSYSTEM=pci
kern	info	6.208091	Task(1)	 DEVICE=+pci:0000:00:16.7
kern	info	6.209840	Task(1)	pci 0000:00:16.7:   bridge window [mem 0xfb700000-0xfb7fffff]
kern	info	6.209840	Task(1)	 SUBSYSTEM=pci
kern	info	6.209840	Task(1)	 DEVICE=+pci:0000:00:16.7
kern	info	6.211471	Task(1)	pci 0000:00:16.7:   bridge window [mem 0xe5d00000-0xe5dfffff 64bit pref]
kern	info	6.211471	Task(1)	 SUBSYSTEM=pci
kern	info	6.211471	Task(1)	 DEVICE=+pci:0000:00:16.7
kern	info	6.213509	Task(1)	pci 0000:00:17.0: PCI bridge to [bus 13]
kern	info	6.213509	Task(1)	 SUBSYSTEM=pci
kern	info	6.213509	Task(1)	 DEVICE=+pci:0000:00:17.0
kern	info	6.214692	Task(1)	pci 0000:00:17.0:   bridge window [io  0x6000-0x6fff]
kern	info	6.214692	Task(1)	 SUBSYSTEM=pci
kern	info	6.214692	Task(1)	 DEVICE=+pci:0000:00:17.0
kern	info	6.216164	Task(1)	pci 0000:00:17.0:   bridge window [mem 0xfd200000-0xfd2fffff]
kern	info	6.216164	Task(1)	 SUBSYSTEM=pci
kern	info	6.216164	Task(1)	 DEVICE=+pci:0000:00:17.0
kern	info	6.218070	Task(1)	pci 0000:00:17.0:   bridge window [mem 0xe7800000-0xe78fffff 64bit pref]
kern	info	6.218070	Task(1)	 SUBSYSTEM=pci
kern	info	6.218070	Task(1)	 DEVICE=+pci:0000:00:17.0
kern	info	6.220151	Task(1)	pci 0000:00:17.1: PCI bridge to [bus 14]
kern	info	6.220151	Task(1)	 SUBSYSTEM=pci
kern	info	6.220151	Task(1)	 DEVICE=+pci:0000:00:17.1
kern	info	6.221406	Task(1)	pci 0000:00:17.1:   bridge window [io  0xa000-0xafff]
kern	info	6.221406	Task(1)	 SUBSYSTEM=pci
kern	info	6.221406	Task(1)	 DEVICE=+pci:0000:00:17.1
kern	info	6.222851	Task(1)	pci 0000:00:17.1:   bridge window [mem 0xfce00000-0xfcefffff]
kern	info	6.222851	Task(1)	 SUBSYSTEM=pci
kern	info	6.222851	Task(1)	 DEVICE=+pci:0000:00:17.1
kern	info	6.224663	Task(1)	pci 0000:00:17.1:   bridge window [mem 0xe7400000-0xe74fffff 64bit pref]
kern	info	6.224663	Task(1)	 SUBSYSTEM=pci
kern	info	6.224663	Task(1)	 DEVICE=+pci:0000:00:17.1
kern	info	6.226512	Task(1)	pci 0000:00:17.2: PCI bridge to [bus 15]
kern	info	6.226512	Task(1)	 SUBSYSTEM=pci
kern	info	6.226512	Task(1)	 DEVICE=+pci:0000:00:17.2
kern	info	6.228361	Task(1)	pci 0000:00:17.2:   bridge window [io  0xe000-0xefff]
kern	info	6.228361	Task(1)	 SUBSYSTEM=pci
kern	info	6.228361	Task(1)	 DEVICE=+pci:0000:00:17.2
kern	info	6.229693	Task(1)	pci 0000:00:17.2:   bridge window [mem 0xfca00000-0xfcafffff]
kern	info	6.229693	Task(1)	 SUBSYSTEM=pci
kern	info	6.229693	Task(1)	 DEVICE=+pci:0000:00:17.2
kern	info	6.231438	Task(1)	pci 0000:00:17.2:   bridge window [mem 0xe7000000-0xe70fffff 64bit pref]
kern	info	6.231438	Task(1)	 SUBSYSTEM=pci
kern	info	6.231438	Task(1)	 DEVICE=+pci:0000:00:17.2
kern	info	6.233380	Task(1)	pci 0000:00:17.3: PCI bridge to [bus 16]
kern	info	6.233380	Task(1)	 SUBSYSTEM=pci
kern	info	6.233380	Task(1)	 DEVICE=+pci:0000:00:17.3
kern	info	6.234724	Task(1)	pci 0000:00:17.3:   bridge window [mem 0xfc600000-0xfc6fffff]
kern	info	6.234724	Task(1)	 SUBSYSTEM=pci
kern	info	6.234724	Task(1)	 DEVICE=+pci:0000:00:17.3
kern	info	6.236447	Task(1)	pci 0000:00:17.3:   bridge window [mem 0xe6c00000-0xe6cfffff 64bit pref]
kern	info	6.236447	Task(1)	 SUBSYSTEM=pci
kern	info	6.236447	Task(1)	 DEVICE=+pci:0000:00:17.3
kern	info	6.238707	Task(1)	pci 0000:00:17.4: PCI bridge to [bus 17]
kern	info	6.238707	Task(1)	 SUBSYSTEM=pci
kern	info	6.238707	Task(1)	 DEVICE=+pci:0000:00:17.4
kern	info	6.239877	Task(1)	pci 0000:00:17.4:   bridge window [mem 0xfc200000-0xfc2fffff]
kern	info	6.239877	Task(1)	 SUBSYSTEM=pci
kern	info	6.239877	Task(1)	 DEVICE=+pci:0000:00:17.4
kern	info	6.241359	Task(1)	pci 0000:00:17.4:   bridge window [mem 0xe6800000-0xe68fffff 64bit pref]
kern	info	6.241359	Task(1)	 SUBSYSTEM=pci
kern	info	6.241359	Task(1)	 DEVICE=+pci:0000:00:17.4
kern	info	6.243331	Task(1)	pci 0000:00:17.5: PCI bridge to [bus 18]
kern	info	6.243331	Task(1)	 SUBSYSTEM=pci
kern	info	6.243331	Task(1)	 DEVICE=+pci:0000:00:17.5
kern	info	6.244560	Task(1)	pci 0000:00:17.5:   bridge window [mem 0xfbe00000-0xfbefffff]
kern	info	6.244560	Task(1)	 SUBSYSTEM=pci
kern	info	6.244560	Task(1)	 DEVICE=+pci:0000:00:17.5
kern	info	6.246211	Task(1)	pci 0000:00:17.5:   bridge window [mem 0xe6400000-0xe64fffff 64bit pref]
kern	info	6.246211	Task(1)	 SUBSYSTEM=pci
kern	info	6.246211	Task(1)	 DEVICE=+pci:0000:00:17.5
kern	info	6.248103	Task(1)	pci 0000:00:17.6: PCI bridge to [bus 19]
kern	info	6.248103	Task(1)	 SUBSYSTEM=pci
kern	info	6.248103	Task(1)	 DEVICE=+pci:0000:00:17.6
kern	info	6.249491	Task(1)	pci 0000:00:17.6:   bridge window [mem 0xfba00000-0xfbafffff]
kern	info	6.249491	Task(1)	 SUBSYSTEM=pci
kern	info	6.249491	Task(1)	 DEVICE=+pci:0000:00:17.6
kern	info	6.251051	Task(1)	pci 0000:00:17.6:   bridge window [mem 0xe6000000-0xe60fffff 64bit pref]
kern	info	6.251051	Task(1)	 SUBSYSTEM=pci
kern	info	6.251051	Task(1)	 DEVICE=+pci:0000:00:17.6
kern	info	6.254016	Task(1)	pci 0000:00:17.7: PCI bridge to [bus 1a]
kern	info	6.254016	Task(1)	 SUBSYSTEM=pci
kern	info	6.254016	Task(1)	 DEVICE=+pci:0000:00:17.7
kern	info	6.255282	Task(1)	pci 0000:00:17.7:   bridge window [mem 0xfb600000-0xfb6fffff]
kern	info	6.255282	Task(1)	 SUBSYSTEM=pci
kern	info	6.255282	Task(1)	 DEVICE=+pci:0000:00:17.7
kern	info	6.257004	Task(1)	pci 0000:00:17.7:   bridge window [mem 0xe5c00000-0xe5cfffff 64bit pref]
kern	info	6.257004	Task(1)	 SUBSYSTEM=pci
kern	info	6.257004	Task(1)	 DEVICE=+pci:0000:00:17.7
kern	info	6.259191	Task(1)	pci 0000:00:18.0: PCI bridge to [bus 1b]
kern	info	6.259191	Task(1)	 SUBSYSTEM=pci
kern	info	6.259191	Task(1)	 DEVICE=+pci:0000:00:18.0
kern	info	6.260366	Task(1)	pci 0000:00:18.0:   bridge window [io  0x7000-0x7fff]
kern	info	6.260366	Task(1)	 SUBSYSTEM=pci
kern	info	6.260366	Task(1)	 DEVICE=+pci:0000:00:18.0
kern	info	6.261704	Task(1)	pci 0000:00:18.0:   bridge window [mem 0xfd100000-0xfd1fffff]
kern	info	6.261704	Task(1)	 SUBSYSTEM=pci
kern	info	6.261704	Task(1)	 DEVICE=+pci:0000:00:18.0
kern	info	6.263133	Task(1)	pci 0000:00:18.0:   bridge window [mem 0xe7700000-0xe77fffff 64bit pref]
kern	info	6.263133	Task(1)	 SUBSYSTEM=pci
kern	info	6.263133	Task(1)	 DEVICE=+pci:0000:00:18.0
kern	info	6.264925	Task(1)	pci 0000:00:18.1: PCI bridge to [bus 1c]
kern	info	6.264925	Task(1)	 SUBSYSTEM=pci
kern	info	6.264925	Task(1)	 DEVICE=+pci:0000:00:18.1
kern	info	6.266001	Task(1)	pci 0000:00:18.1:   bridge window [io  0xb000-0xbfff]
kern	info	6.266001	Task(1)	 SUBSYSTEM=pci
kern	info	6.266001	Task(1)	 DEVICE=+pci:0000:00:18.1
kern	info	6.267855	Task(1)	pci 0000:00:18.1:   bridge window [mem 0xfcd00000-0xfcdfffff]
kern	info	6.267855	Task(1)	 SUBSYSTEM=pci
kern	info	6.267855	Task(1)	 DEVICE=+pci:0000:00:18.1
kern	info	6.269565	Task(1)	pci 0000:00:18.1:   bridge window [mem 0xe7300000-0xe73fffff 64bit pref]
kern	info	6.269565	Task(1)	 SUBSYSTEM=pci
kern	info	6.269565	Task(1)	 DEVICE=+pci:0000:00:18.1
kern	info	6.271535	Task(1)	pci 0000:00:18.2: PCI bridge to [bus 1d]
kern	info	6.271535	Task(1)	 SUBSYSTEM=pci
kern	info	6.271535	Task(1)	 DEVICE=+pci:0000:00:18.2
kern	info	6.272805	Task(1)	pci 0000:00:18.2:   bridge window [mem 0xfc900000-0xfc9fffff]
kern	info	6.272805	Task(1)	 SUBSYSTEM=pci
kern	info	6.272805	Task(1)	 DEVICE=+pci:0000:00:18.2
kern	info	6.274464	Task(1)	pci 0000:00:18.2:   bridge window [mem 0xe6f00000-0xe6ffffff 64bit pref]
kern	info	6.274464	Task(1)	 SUBSYSTEM=pci
kern	info	6.274464	Task(1)	 DEVICE=+pci:0000:00:18.2
kern	info	6.276381	Task(1)	pci 0000:00:18.3: PCI bridge to [bus 1e]
kern	info	6.276381	Task(1)	 SUBSYSTEM=pci
kern	info	6.276381	Task(1)	 DEVICE=+pci:0000:00:18.3
kern	info	6.277626	Task(1)	pci 0000:00:18.3:   bridge window [mem 0xfc500000-0xfc5fffff]
kern	info	6.277626	Task(1)	 SUBSYSTEM=pci
kern	info	6.277626	Task(1)	 DEVICE=+pci:0000:00:18.3
kern	info	6.279136	Task(1)	pci 0000:00:18.3:   bridge window [mem 0xe6b00000-0xe6bfffff 64bit pref]
kern	info	6.279136	Task(1)	 SUBSYSTEM=pci
kern	info	6.279136	Task(1)	 DEVICE=+pci:0000:00:18.3
kern	info	6.280983	Task(1)	pci 0000:00:18.4: PCI bridge to [bus 1f]
kern	info	6.280983	Task(1)	 SUBSYSTEM=pci
kern	info	6.280983	Task(1)	 DEVICE=+pci:0000:00:18.4
kern	info	6.282146	Task(1)	pci 0000:00:18.4:   bridge window [mem 0xfc100000-0xfc1fffff]
kern	info	6.282146	Task(1)	 SUBSYSTEM=pci
kern	info	6.282146	Task(1)	 DEVICE=+pci:0000:00:18.4
kern	info	6.283675	Task(1)	pci 0000:00:18.4:   bridge window [mem 0xe6700000-0xe67fffff 64bit pref]
kern	info	6.283675	Task(1)	 SUBSYSTEM=pci
kern	info	6.283675	Task(1)	 DEVICE=+pci:0000:00:18.4
kern	info	6.285486	Task(1)	pci 0000:00:18.5: PCI bridge to [bus 20]
kern	info	6.285486	Task(1)	 SUBSYSTEM=pci
kern	info	6.285486	Task(1)	 DEVICE=+pci:0000:00:18.5
kern	info	6.286681	Task(1)	pci 0000:00:18.5:   bridge window [mem 0xfbd00000-0xfbdfffff]
kern	info	6.286681	Task(1)	 SUBSYSTEM=pci
kern	info	6.286681	Task(1)	 DEVICE=+pci:0000:00:18.5
kern	info	6.288586	Task(1)	pci 0000:00:18.5:   bridge window [mem 0xe6300000-0xe63fffff 64bit pref]
kern	info	6.288586	Task(1)	 SUBSYSTEM=pci
kern	info	6.288586	Task(1)	 DEVICE=+pci:0000:00:18.5
kern	info	6.290873	Task(1)	pci 0000:00:18.6: PCI bridge to [bus 21]
kern	info	6.290873	Task(1)	 SUBSYSTEM=pci
kern	info	6.290873	Task(1)	 DEVICE=+pci:0000:00:18.6
kern	info	6.292200	Task(1)	pci 0000:00:18.6:   bridge window [mem 0xfb900000-0xfb9fffff]
kern	info	6.292200	Task(1)	 SUBSYSTEM=pci
kern	info	6.292200	Task(1)	 DEVICE=+pci:0000:00:18.6
kern	info	6.294575	Task(1)	pci 0000:00:18.6:   bridge window [mem 0xe5f00000-0xe5ffffff 64bit pref]
kern	info	6.294575	Task(1)	 SUBSYSTEM=pci
kern	info	6.294575	Task(1)	 DEVICE=+pci:0000:00:18.6
kern	info	6.296403	Task(1)	pci 0000:00:18.7: PCI bridge to [bus 22]
kern	info	6.296403	Task(1)	 SUBSYSTEM=pci
kern	info	6.296403	Task(1)	 DEVICE=+pci:0000:00:18.7
kern	info	6.297681	Task(1)	pci 0000:00:18.7:   bridge window [mem 0xfb500000-0xfb5fffff]
kern	info	6.297681	Task(1)	 SUBSYSTEM=pci
kern	info	6.297681	Task(1)	 DEVICE=+pci:0000:00:18.7
kern	info	6.299709	Task(1)	pci 0000:00:18.7:   bridge window [mem 0xe5b00000-0xe5bfffff 64bit pref]
kern	info	6.299709	Task(1)	 SUBSYSTEM=pci
kern	info	6.299709	Task(1)	 DEVICE=+pci:0000:00:18.7
kern	info	6.301610	Task(1)	pci_bus 0000:00: resource 4 [mem 0x000a0000-0x000bffff window]
kern	info	6.301610	Task(1)	 SUBSYSTEM=pci_bus
kern	info	6.301610	Task(1)	 DEVICE=+pci_bus:0000:00
kern	info	6.303199	Task(1)	pci_bus 0000:00: resource 5 [mem 0x000d0000-0x000dbfff window]
kern	info	6.303199	Task(1)	 SUBSYSTEM=pci_bus
kern	info	6.303199	Task(1)	 DEVICE=+pci_bus:0000:00
kern	info	6.304698	Task(1)	pci_bus 0000:00: resource 6 [mem 0xc0000000-0xfebfffff window]
kern	info	6.304698	Task(1)	 SUBSYSTEM=pci_bus
kern	info	6.304698	Task(1)	 DEVICE=+pci_bus:0000:00
kern	info	6.306266	Task(1)	pci_bus 0000:00: resource 7 [io  0x0000-0x0cf7 window]
kern	info	6.306266	Task(1)	 SUBSYSTEM=pci_bus
kern	info	6.306266	Task(1)	 DEVICE=+pci_bus:0000:00
kern	info	6.307967	Task(1)	pci_bus 0000:00: resource 8 [io  0x0d00-0xfeff window]
kern	info	6.307967	Task(1)	 SUBSYSTEM=pci_bus
kern	info	6.307967	Task(1)	 DEVICE=+pci_bus:0000:00
kern	info	6.309526	Task(1)	pci_bus 0000:02: resource 0 [io  0x2000-0x3fff]
kern	info	6.309526	Task(1)	 SUBSYSTEM=pci_bus
kern	info	6.309526	Task(1)	 DEVICE=+pci_bus:0000:02
kern	info	6.310882	Task(1)	pci_bus 0000:02: resource 1 [mem 0xfd500000-0xfdffffff]
kern	info	6.310882	Task(1)	 SUBSYSTEM=pci_bus
kern	info	6.310882	Task(1)	 DEVICE=+pci_bus:0000:02
kern	info	6.311842	Task(1)	pci_bus 0000:02: resource 2 [mem 0xe7b00000-0xe7ffffff 64bit pref]
kern	info	6.311842	Task(1)	 SUBSYSTEM=pci_bus
kern	info	6.311842	Task(1)	 DEVICE=+pci_bus:0000:02
kern	info	6.313776	Task(1)	pci_bus 0000:02: resource 4 [mem 0x000a0000-0x000bffff window]
kern	info	6.313776	Task(1)	 SUBSYSTEM=pci_bus
kern	info	6.313776	Task(1)	 DEVICE=+pci_bus:0000:02
kern	info	6.315215	Task(1)	pci_bus 0000:02: resource 5 [mem 0x000d0000-0x000dbfff window]
kern	info	6.315215	Task(1)	 SUBSYSTEM=pci_bus
kern	info	6.315215	Task(1)	 DEVICE=+pci_bus:0000:02
kern	info	6.316717	Task(1)	pci_bus 0000:02: resource 6 [mem 0xc0000000-0xfebfffff window]
kern	info	6.316717	Task(1)	 SUBSYSTEM=pci_bus
kern	info	6.316717	Task(1)	 DEVICE=+pci_bus:0000:02
kern	info	6.318244	Task(1)	pci_bus 0000:02: resource 7 [io  0x0000-0x0cf7 window]
kern	info	6.318244	Task(1)	 SUBSYSTEM=pci_bus
kern	info	6.318244	Task(1)	 DEVICE=+pci_bus:0000:02
kern	info	6.319363	Task(1)	pci_bus 0000:02: resource 8 [io  0x0d00-0xfeff window]
kern	info	6.319363	Task(1)	 SUBSYSTEM=pci_bus
kern	info	6.319363	Task(1)	 DEVICE=+pci_bus:0000:02
kern	info	6.320638	Task(1)	pci_bus 0000:03: resource 0 [io  0x4000-0x4fff]
kern	info	6.320638	Task(1)	 SUBSYSTEM=pci_bus
kern	info	6.320638	Task(1)	 DEVICE=+pci_bus:0000:03
kern	info	6.321941	Task(1)	pci_bus 0000:03: resource 1 [mem 0xfd400000-0xfd4fffff]
kern	info	6.321941	Task(1)	 SUBSYSTEM=pci_bus
kern	info	6.321941	Task(1)	 DEVICE=+pci_bus:0000:03
kern	info	6.322878	Task(1)	pci_bus 0000:03: resource 2 [mem 0xe7a00000-0xe7afffff 64bit pref]
kern	info	6.322878	Task(1)	 SUBSYSTEM=pci_bus
kern	info	6.322878	Task(1)	 DEVICE=+pci_bus:0000:03
kern	info	6.324677	Task(1)	pci_bus 0000:04: resource 0 [io  0x8000-0x8fff]
kern	info	6.324677	Task(1)	 SUBSYSTEM=pci_bus
kern	info	6.324677	Task(1)	 DEVICE=+pci_bus:0000:04
kern	info	6.326144	Task(1)	pci_bus 0000:04: resource 1 [mem 0xfd000000-0xfd0fffff]
kern	info	6.326144	Task(1)	 SUBSYSTEM=pci_bus
kern	info	6.326144	Task(1)	 DEVICE=+pci_bus:0000:04
kern	info	6.327601	Task(1)	pci_bus 0000:04: resource 2 [mem 0xe7600000-0xe76fffff 64bit pref]
kern	info	6.327601	Task(1)	 SUBSYSTEM=pci_bus
kern	info	6.327601	Task(1)	 DEVICE=+pci_bus:0000:04
kern	info	6.329214	Task(1)	pci_bus 0000:05: resource 0 [io  0xc000-0xcfff]
kern	info	6.329214	Task(1)	 SUBSYSTEM=pci_bus
kern	info	6.329214	Task(1)	 DEVICE=+pci_bus:0000:05
kern	info	6.330520	Task(1)	pci_bus 0000:05: resource 1 [mem 0xfcc00000-0xfccfffff]
kern	info	6.330520	Task(1)	 SUBSYSTEM=pci_bus
kern	info	6.330520	Task(1)	 DEVICE=+pci_bus:0000:05
kern	info	6.331699	Task(1)	pci_bus 0000:05: resource 2 [mem 0xe7200000-0xe72fffff 64bit pref]
kern	info	6.331699	Task(1)	 SUBSYSTEM=pci_bus
kern	info	6.331699	Task(1)	 DEVICE=+pci_bus:0000:05
kern	info	6.333189	Task(1)	pci_bus 0000:06: resource 1 [mem 0xfc800000-0xfc8fffff]
kern	info	6.333189	Task(1)	 SUBSYSTEM=pci_bus
kern	info	6.333189	Task(1)	 DEVICE=+pci_bus:0000:06
kern	info	6.334534	Task(1)	pci_bus 0000:06: resource 2 [mem 0xe6e00000-0xe6efffff 64bit pref]
kern	info	6.334534	Task(1)	 SUBSYSTEM=pci_bus
kern	info	6.334534	Task(1)	 DEVICE=+pci_bus:0000:06
kern	info	6.335987	Task(1)	pci_bus 0000:07: resource 1 [mem 0xfc400000-0xfc4fffff]
kern	info	6.335987	Task(1)	 SUBSYSTEM=pci_bus
kern	info	6.335987	Task(1)	 DEVICE=+pci_bus:0000:07
kern	info	6.336952	Task(1)	pci_bus 0000:07: resource 2 [mem 0xe6a00000-0xe6afffff 64bit pref]
kern	info	6.336952	Task(1)	 SUBSYSTEM=pci_bus
kern	info	6.336952	Task(1)	 DEVICE=+pci_bus:0000:07
kern	info	6.338532	Task(1)	pci_bus 0000:08: resource 1 [mem 0xfc000000-0xfc0fffff]
kern	info	6.338532	Task(1)	 SUBSYSTEM=pci_bus
kern	info	6.338532	Task(1)	 DEVICE=+pci_bus:0000:08
kern	info	6.339804	Task(1)	pci_bus 0000:08: resource 2 [mem 0xe6600000-0xe66fffff 64bit pref]
kern	info	6.339804	Task(1)	 SUBSYSTEM=pci_bus
kern	info	6.339804	Task(1)	 DEVICE=+pci_bus:0000:08
kern	info	6.341298	Task(1)	pci_bus 0000:09: resource 1 [mem 0xfbc00000-0xfbcfffff]
kern	info	6.341298	Task(1)	 SUBSYSTEM=pci_bus
kern	info	6.341298	Task(1)	 DEVICE=+pci_bus:0000:09
kern	info	6.342248	Task(1)	pci_bus 0000:09: resource 2 [mem 0xe6200000-0xe62fffff 64bit pref]
kern	info	6.342248	Task(1)	 SUBSYSTEM=pci_bus
kern	info	6.342248	Task(1)	 DEVICE=+pci_bus:0000:09
kern	info	6.344138	Task(1)	pci_bus 0000:0a: resource 1 [mem 0xfb800000-0xfb8fffff]
kern	info	6.344138	Task(1)	 SUBSYSTEM=pci_bus
kern	info	6.344138	Task(1)	 DEVICE=+pci_bus:0000:0a
kern	info	6.345460	Task(1)	pci_bus 0000:0a: resource 2 [mem 0xe5e00000-0xe5efffff 64bit pref]
kern	info	6.345460	Task(1)	 SUBSYSTEM=pci_bus
kern	info	6.345460	Task(1)	 DEVICE=+pci_bus:0000:0a
kern	info	6.346977	Task(1)	pci_bus 0000:0b: resource 0 [io  0x5000-0x5fff]
kern	info	6.346977	Task(1)	 SUBSYSTEM=pci_bus
kern	info	6.346977	Task(1)	 DEVICE=+pci_bus:0000:0b
kern	info	6.348457	Task(1)	pci_bus 0000:0b: resource 1 [mem 0xfd300000-0xfd3fffff]
kern	info	6.348457	Task(1)	 SUBSYSTEM=pci_bus
kern	info	6.348457	Task(1)	 DEVICE=+pci_bus:0000:0b
kern	info	6.350376	Task(1)	pci_bus 0000:0b: resource 2 [mem 0xe7900000-0xe79fffff 64bit pref]
kern	info	6.350376	Task(1)	 SUBSYSTEM=pci_bus
kern	info	6.350376	Task(1)	 DEVICE=+pci_bus:0000:0b
kern	info	6.351918	Task(1)	pci_bus 0000:0c: resource 0 [io  0x9000-0x9fff]
kern	info	6.351918	Task(1)	 SUBSYSTEM=pci_bus
kern	info	6.351918	Task(1)	 DEVICE=+pci_bus:0000:0c
kern	info	6.353159	Task(1)	pci_bus 0000:0c: resource 1 [mem 0xfcf00000-0xfcffffff]
kern	info	6.353159	Task(1)	 SUBSYSTEM=pci_bus
kern	info	6.353159	Task(1)	 DEVICE=+pci_bus:0000:0c
kern	info	6.354599	Task(1)	pci_bus 0000:0c: resource 2 [mem 0xe7500000-0xe75fffff 64bit pref]
kern	info	6.354599	Task(1)	 SUBSYSTEM=pci_bus
kern	info	6.354599	Task(1)	 DEVICE=+pci_bus:0000:0c
kern	info	6.356160	Task(1)	pci_bus 0000:0d: resource 0 [io  0xd000-0xdfff]
kern	info	6.356160	Task(1)	 SUBSYSTEM=pci_bus
kern	info	6.356160	Task(1)	 DEVICE=+pci_bus:0000:0d
kern	info	6.357098	Task(1)	pci_bus 0000:0d: resource 1 [mem 0xfcb00000-0xfcbfffff]
kern	info	6.357098	Task(1)	 SUBSYSTEM=pci_bus
kern	info	6.357098	Task(1)	 DEVICE=+pci_bus:0000:0d
kern	info	6.359952	Task(1)	pci_bus 0000:0d: resource 2 [mem 0xe7100000-0xe71fffff 64bit pref]
kern	info	6.359952	Task(1)	 SUBSYSTEM=pci_bus
kern	info	6.359952	Task(1)	 DEVICE=+pci_bus:0000:0d
kern	info	6.361599	Task(1)	pci_bus 0000:0e: resource 1 [mem 0xfc700000-0xfc7fffff]
kern	info	6.361599	Task(1)	 SUBSYSTEM=pci_bus
kern	info	6.361599	Task(1)	 DEVICE=+pci_bus:0000:0e
kern	info	6.362950	Task(1)	pci_bus 0000:0e: resource 2 [mem 0xe6d00000-0xe6dfffff 64bit pref]
kern	info	6.362950	Task(1)	 SUBSYSTEM=pci_bus
kern	info	6.362950	Task(1)	 DEVICE=+pci_bus:0000:0e
kern	info	6.364397	Task(1)	pci_bus 0000:0f: resource 1 [mem 0xfc300000-0xfc3fffff]
kern	info	6.364397	Task(1)	 SUBSYSTEM=pci_bus
kern	info	6.364397	Task(1)	 DEVICE=+pci_bus:0000:0f
kern	info	6.365730	Task(1)	pci_bus 0000:0f: resource 2 [mem 0xe6900000-0xe69fffff 64bit pref]
kern	info	6.365730	Task(1)	 SUBSYSTEM=pci_bus
kern	info	6.365730	Task(1)	 DEVICE=+pci_bus:0000:0f
kern	info	6.367236	Task(1)	pci_bus 0000:10: resource 1 [mem 0xfbf00000-0xfbffffff]
kern	info	6.367236	Task(1)	 SUBSYSTEM=pci_bus
kern	info	6.367236	Task(1)	 DEVICE=+pci_bus:0000:10
kern	info	6.368689	Task(1)	pci_bus 0000:10: resource 2 [mem 0xe6500000-0xe65fffff 64bit pref]
kern	info	6.368689	Task(1)	 SUBSYSTEM=pci_bus
kern	info	6.368689	Task(1)	 DEVICE=+pci_bus:0000:10
kern	info	6.370020	Task(1)	pci_bus 0000:11: resource 1 [mem 0xfbb00000-0xfbbfffff]
kern	info	6.370020	Task(1)	 SUBSYSTEM=pci_bus
kern	info	6.370020	Task(1)	 DEVICE=+pci_bus:0000:11
kern	info	6.370978	Task(1)	pci_bus 0000:11: resource 2 [mem 0xe6100000-0xe61fffff 64bit pref]
kern	info	6.370978	Task(1)	 SUBSYSTEM=pci_bus
kern	info	6.370978	Task(1)	 DEVICE=+pci_bus:0000:11
kern	info	6.372764	Task(1)	pci_bus 0000:12: resource 1 [mem 0xfb700000-0xfb7fffff]
kern	info	6.372764	Task(1)	 SUBSYSTEM=pci_bus
kern	info	6.372764	Task(1)	 DEVICE=+pci_bus:0000:12
kern	info	6.373990	Task(1)	pci_bus 0000:12: resource 2 [mem 0xe5d00000-0xe5dfffff 64bit pref]
kern	info	6.373990	Task(1)	 SUBSYSTEM=pci_bus
kern	info	6.373990	Task(1)	 DEVICE=+pci_bus:0000:12
kern	info	6.375812	Task(1)	pci_bus 0000:13: resource 0 [io  0x6000-0x6fff]
kern	info	6.375812	Task(1)	 SUBSYSTEM=pci_bus
kern	info	6.375812	Task(1)	 DEVICE=+pci_bus:0000:13
kern	info	6.377060	Task(1)	pci_bus 0000:13: resource 1 [mem 0xfd200000-0xfd2fffff]
kern	info	6.377060	Task(1)	 SUBSYSTEM=pci_bus
kern	info	6.377060	Task(1)	 DEVICE=+pci_bus:0000:13
kern	info	6.378354	Task(1)	pci_bus 0000:13: resource 2 [mem 0xe7800000-0xe78fffff 64bit pref]
kern	info	6.378354	Task(1)	 SUBSYSTEM=pci_bus
kern	info	6.378354	Task(1)	 DEVICE=+pci_bus:0000:13
kern	info	6.379775	Task(1)	pci_bus 0000:14: resource 0 [io  0xa000-0xafff]
kern	info	6.379775	Task(1)	 SUBSYSTEM=pci_bus
kern	info	6.379775	Task(1)	 DEVICE=+pci_bus:0000:14
kern	info	6.381080	Task(1)	pci_bus 0000:14: resource 1 [mem 0xfce00000-0xfcefffff]
kern	info	6.381080	Task(1)	 SUBSYSTEM=pci_bus
kern	info	6.381080	Task(1)	 DEVICE=+pci_bus:0000:14
kern	info	6.382385	Task(1)	pci_bus 0000:14: resource 2 [mem 0xe7400000-0xe74fffff 64bit pref]
kern	info	6.382385	Task(1)	 SUBSYSTEM=pci_bus
kern	info	6.382385	Task(1)	 DEVICE=+pci_bus:0000:14
kern	info	6.384520	Task(1)	pci_bus 0000:15: resource 0 [io  0xe000-0xefff]
kern	info	6.384520	Task(1)	 SUBSYSTEM=pci_bus
kern	info	6.384520	Task(1)	 DEVICE=+pci_bus:0000:15
kern	info	6.385873	Task(1)	pci_bus 0000:15: resource 1 [mem 0xfca00000-0xfcafffff]
kern	info	6.385873	Task(1)	 SUBSYSTEM=pci_bus
kern	info	6.385873	Task(1)	 DEVICE=+pci_bus:0000:15
kern	info	6.387373	Task(1)	pci_bus 0000:15: resource 2 [mem 0xe7000000-0xe70fffff 64bit pref]
kern	info	6.387373	Task(1)	 SUBSYSTEM=pci_bus
kern	info	6.387373	Task(1)	 DEVICE=+pci_bus:0000:15
kern	info	6.388811	Task(1)	pci_bus 0000:16: resource 1 [mem 0xfc600000-0xfc6fffff]
kern	info	6.388811	Task(1)	 SUBSYSTEM=pci_bus
kern	info	6.388811	Task(1)	 DEVICE=+pci_bus:0000:16
kern	info	6.390195	Task(1)	pci_bus 0000:16: resource 2 [mem 0xe6c00000-0xe6cfffff 64bit pref]
kern	info	6.390195	Task(1)	 SUBSYSTEM=pci_bus
kern	info	6.390195	Task(1)	 DEVICE=+pci_bus:0000:16
kern	info	6.391650	Task(1)	pci_bus 0000:17: resource 1 [mem 0xfc200000-0xfc2fffff]
kern	info	6.391650	Task(1)	 SUBSYSTEM=pci_bus
kern	info	6.391650	Task(1)	 DEVICE=+pci_bus:0000:17
kern	info	6.392897	Task(1)	pci_bus 0000:17: resource 2 [mem 0xe6800000-0xe68fffff 64bit pref]
kern	info	6.392897	Task(1)	 SUBSYSTEM=pci_bus
kern	info	6.392897	Task(1)	 DEVICE=+pci_bus:0000:17
kern	info	6.394481	Task(1)	pci_bus 0000:18: resource 1 [mem 0xfbe00000-0xfbefffff]
kern	info	6.394481	Task(1)	 SUBSYSTEM=pci_bus
kern	info	6.394481	Task(1)	 DEVICE=+pci_bus:0000:18
kern	info	6.395771	Task(1)	pci_bus 0000:18: resource 2 [mem 0xe6400000-0xe64fffff 64bit pref]
kern	info	6.395771	Task(1)	 SUBSYSTEM=pci_bus
kern	info	6.395771	Task(1)	 DEVICE=+pci_bus:0000:18
kern	info	6.397258	Task(1)	pci_bus 0000:19: resource 1 [mem 0xfba00000-0xfbafffff]
kern	info	6.397258	Task(1)	 SUBSYSTEM=pci_bus
kern	info	6.397258	Task(1)	 DEVICE=+pci_bus:0000:19
kern	info	6.398633	Task(1)	pci_bus 0000:19: resource 2 [mem 0xe6000000-0xe60fffff 64bit pref]
kern	info	6.398633	Task(1)	 SUBSYSTEM=pci_bus
kern	info	6.398633	Task(1)	 DEVICE=+pci_bus:0000:19
kern	info	6.400285	Task(1)	pci_bus 0000:1a: resource 1 [mem 0xfb600000-0xfb6fffff]
kern	info	6.400285	Task(1)	 SUBSYSTEM=pci_bus
kern	info	6.400285	Task(1)	 DEVICE=+pci_bus:0000:1a
kern	info	6.401601	Task(1)	pci_bus 0000:1a: resource 2 [mem 0xe5c00000-0xe5cfffff 64bit pref]
kern	info	6.401601	Task(1)	 SUBSYSTEM=pci_bus
kern	info	6.401601	Task(1)	 DEVICE=+pci_bus:0000:1a
kern	info	6.403116	Task(1)	pci_bus 0000:1b: resource 0 [io  0x7000-0x7fff]
kern	info	6.403116	Task(1)	 SUBSYSTEM=pci_bus
kern	info	6.403116	Task(1)	 DEVICE=+pci_bus:0000:1b
kern	info	6.404053	Task(1)	pci_bus 0000:1b: resource 1 [mem 0xfd100000-0xfd1fffff]
kern	info	6.404053	Task(1)	 SUBSYSTEM=pci_bus
kern	info	6.404053	Task(1)	 DEVICE=+pci_bus:0000:1b
kern	info	6.405356	Task(1)	pci_bus 0000:1b: resource 2 [mem 0xe7700000-0xe77fffff 64bit pref]
kern	info	6.405356	Task(1)	 SUBSYSTEM=pci_bus
kern	info	6.405356	Task(1)	 DEVICE=+pci_bus:0000:1b
kern	info	6.406969	Task(1)	pci_bus 0000:1c: resource 0 [io  0xb000-0xbfff]
kern	info	6.406969	Task(1)	 SUBSYSTEM=pci_bus
kern	info	6.406969	Task(1)	 DEVICE=+pci_bus:0000:1c
kern	info	6.408305	Task(1)	pci_bus 0000:1c: resource 1 [mem 0xfcd00000-0xfcdfffff]
kern	info	6.408305	Task(1)	 SUBSYSTEM=pci_bus
kern	info	6.408305	Task(1)	 DEVICE=+pci_bus:0000:1c
kern	info	6.409687	Task(1)	pci_bus 0000:1c: resource 2 [mem 0xe7300000-0xe73fffff 64bit pref]
kern	info	6.409687	Task(1)	 SUBSYSTEM=pci_bus
kern	info	6.409687	Task(1)	 DEVICE=+pci_bus:0000:1c
kern	info	6.411789	Task(1)	pci_bus 0000:1d: resource 1 [mem 0xfc900000-0xfc9fffff]
kern	info	6.411789	Task(1)	 SUBSYSTEM=pci_bus
kern	info	6.411789	Task(1)	 DEVICE=+pci_bus:0000:1d
kern	info	6.413343	Task(1)	pci_bus 0000:1d: resource 2 [mem 0xe6f00000-0xe6ffffff 64bit pref]
kern	info	6.413343	Task(1)	 SUBSYSTEM=pci_bus
kern	info	6.413343	Task(1)	 DEVICE=+pci_bus:0000:1d
kern	info	6.414771	Task(1)	pci_bus 0000:1e: resource 1 [mem 0xfc500000-0xfc5fffff]
kern	info	6.414771	Task(1)	 SUBSYSTEM=pci_bus
kern	info	6.414771	Task(1)	 DEVICE=+pci_bus:0000:1e
kern	info	6.415997	Task(1)	pci_bus 0000:1e: resource 2 [mem 0xe6b00000-0xe6bfffff 64bit pref]
kern	info	6.415997	Task(1)	 SUBSYSTEM=pci_bus
kern	info	6.415997	Task(1)	 DEVICE=+pci_bus:0000:1e
kern	info	6.417663	Task(1)	pci_bus 0000:1f: resource 1 [mem 0xfc100000-0xfc1fffff]
kern	info	6.417663	Task(1)	 SUBSYSTEM=pci_bus
kern	info	6.417663	Task(1)	 DEVICE=+pci_bus:0000:1f
kern	info	6.418896	Task(1)	pci_bus 0000:1f: resource 2 [mem 0xe6700000-0xe67fffff 64bit pref]
kern	info	6.418896	Task(1)	 SUBSYSTEM=pci_bus
kern	info	6.418896	Task(1)	 DEVICE=+pci_bus:0000:1f
kern	info	6.420600	Task(1)	pci_bus 0000:20: resource 1 [mem 0xfbd00000-0xfbdfffff]
kern	info	6.420600	Task(1)	 SUBSYSTEM=pci_bus
kern	info	6.420600	Task(1)	 DEVICE=+pci_bus:0000:20
kern	info	6.421937	Task(1)	pci_bus 0000:20: resource 2 [mem 0xe6300000-0xe63fffff 64bit pref]
kern	info	6.421937	Task(1)	 SUBSYSTEM=pci_bus
kern	info	6.421937	Task(1)	 DEVICE=+pci_bus:0000:20
kern	info	6.423534	Task(1)	pci_bus 0000:21: resource 1 [mem 0xfb900000-0xfb9fffff]
kern	info	6.423534	Task(1)	 SUBSYSTEM=pci_bus
kern	info	6.423534	Task(1)	 DEVICE=+pci_bus:0000:21
kern	info	6.424842	Task(1)	pci_bus 0000:21: resource 2 [mem 0xe5f00000-0xe5ffffff 64bit pref]
kern	info	6.424842	Task(1)	 SUBSYSTEM=pci_bus
kern	info	6.424842	Task(1)	 DEVICE=+pci_bus:0000:21
kern	info	6.426242	Task(1)	pci_bus 0000:22: resource 1 [mem 0xfb500000-0xfb5fffff]
kern	info	6.426242	Task(1)	 SUBSYSTEM=pci_bus
kern	info	6.426242	Task(1)	 DEVICE=+pci_bus:0000:22
kern	info	6.427461	Task(1)	pci_bus 0000:22: resource 2 [mem 0xe5b00000-0xe5bfffff 64bit pref]
kern	info	6.427461	Task(1)	 SUBSYSTEM=pci_bus
kern	info	6.427461	Task(1)	 DEVICE=+pci_bus:0000:22
kern	info	6.429485	Task(1)	pci 0000:00:00.0: Limiting direct PCI/PCI transfers
kern	info	6.429485	Task(1)	 SUBSYSTEM=pci
kern	info	6.429485	Task(1)	 DEVICE=+pci:0000:00:00.0
kern	info	6.435013	Task(1)	pci 0000:02:01.0: CLS mismatch (32 != 64), using 64 bytes
kern	info	6.435013	Task(1)	 SUBSYSTEM=pci
kern	info	6.435013	Task(1)	 DEVICE=+pci:0000:02:01.0
kern	info	6.440622	Task(1)	PCI-DMA: Using software bounce buffering for IO (SWIOTLB)
kern	info	6.440837	Task(39)	Trying to unpack rootfs image as initramfs...
kern	info	6.442044	Task(1)	software IO TLB: mapped [mem 0x00000000bbed0000-0x00000000bfed0000] (64MB)
kern	info	6.445256	Task(1)	clocksource: tsc: mask: 0xffffffffffffffff max_cycles: 0x33cb1e3d424, max_idle_ns: 440795351201 ns
kern	info	6.447403	Task(1)	clocksource: Switched to clocksource tsc
kern	notice	6.457960	Task(1)	Initialise system trusted keyrings
kern	notice	6.459050	Task(1)	Key type blacklist registered
kern	info	6.460982	Task(1)	workingset: timestamp_bits=36 max_order=21 bucket_order=0
kern	info	6.463414	Task(1)	zbud: loaded
kern	info	6.466088	Task(1)	squashfs: version 4.0 (2009/01/31) Phillip Lougher
kern	info	6.469416	Task(1)	fuse: init (API version 7.39)
kern	notice	6.472783	Task(1)	integrity: Platform Keyring initialized
kern	notice	6.473951	Task(1)	integrity: Machine keyring initialized
kern	notice	6.489996	Task(1)	Key type asymmetric registered
kern	notice	6.491096	Task(1)	Asymmetric key parser 'x509' registered
kern	info	6.492755	Task(1)	Block layer SCSI generic (bsg) driver version 0.4 loaded (major 243)
kern	info	6.496188	Task(1)	io scheduler mq-deadline registered
kern	info	6.502493	Task(1)	pcieport 0000:00:15.0: PME: Signaling with IRQ 24
kern	info	6.502493	Task(1)	 SUBSYSTEM=pci
kern	info	6.502493	Task(1)	 DEVICE=+pci:0000:00:15.0
kern	info	6.504013	Task(1)	pcieport 0000:00:15.0: pciehp: Slot #160 AttnBtn+ PwrCtrl+ MRL- AttnInd- PwrInd- HotPlug+ Surprise- Interlock- NoCompl+ IbPresDis- LLActRep+
kern	info	6.504013	Task(1)	 SUBSYSTEM=pci
kern	info	6.504013	Task(1)	 DEVICE=+pci:0000:00:15.0
kern	info	6.511242	Task(1)	pcieport 0000:00:15.1: PME: Signaling with IRQ 25
kern	info	6.511242	Task(1)	 SUBSYSTEM=pci
kern	info	6.511242	Task(1)	 DEVICE=+pci:0000:00:15.1
kern	info	6.513110	Task(1)	pcieport 0000:00:15.1: pciehp: Slot #161 AttnBtn+ PwrCtrl+ MRL- AttnInd- PwrInd- HotPlug+ Surprise- Interlock- NoCompl+ IbPresDis- LLActRep+
kern	info	6.513110	Task(1)	 SUBSYSTEM=pci
kern	info	6.513110	Task(1)	 DEVICE=+pci:0000:00:15.1
kern	info	6.521014	Task(1)	pcieport 0000:00:15.2: PME: Signaling with IRQ 26
kern	info	6.521014	Task(1)	 SUBSYSTEM=pci
kern	info	6.521014	Task(1)	 DEVICE=+pci:0000:00:15.2
kern	info	6.522567	Task(1)	pcieport 0000:00:15.2: pciehp: Slot #162 AttnBtn+ PwrCtrl+ MRL- AttnInd- PwrInd- HotPlug+ Surprise- Interlock- NoCompl+ IbPresDis- LLActRep+
kern	info	6.522567	Task(1)	 SUBSYSTEM=pci
kern	info	6.522567	Task(1)	 DEVICE=+pci:0000:00:15.2
kern	info	6.529668	Task(1)	pcieport 0000:00:15.3: PME: Signaling with IRQ 27
kern	info	6.529668	Task(1)	 SUBSYSTEM=pci
kern	info	6.529668	Task(1)	 DEVICE=+pci:0000:00:15.3
kern	info	6.531409	Task(1)	pcieport 0000:00:15.3: pciehp: Slot #163 AttnBtn+ PwrCtrl+ MRL- AttnInd- PwrInd- HotPlug+ Surprise- Interlock- NoCompl+ IbPresDis- LLActRep+
kern	info	6.531409	Task(1)	 SUBSYSTEM=pci
kern	info	6.531409	Task(1)	 DEVICE=+pci:0000:00:15.3
kern	info	6.538105	Task(1)	pcieport 0000:00:15.4: PME: Signaling with IRQ 28
kern	info	6.538105	Task(1)	 SUBSYSTEM=pci
kern	info	6.538105	Task(1)	 DEVICE=+pci:0000:00:15.4
kern	info	6.539823	Task(1)	pcieport 0000:00:15.4: pciehp: Slot #164 AttnBtn+ PwrCtrl+ MRL- AttnInd- PwrInd- HotPlug+ Surprise- Interlock- NoCompl+ IbPresDis- LLActRep+
kern	info	6.539823	Task(1)	 SUBSYSTEM=pci
kern	info	6.539823	Task(1)	 DEVICE=+pci:0000:00:15.4
kern	info	6.547591	Task(1)	pcieport 0000:00:15.5: PME: Signaling with IRQ 29
kern	info	6.547591	Task(1)	 SUBSYSTEM=pci
kern	info	6.547591	Task(1)	 DEVICE=+pci:0000:00:15.5
kern	info	6.549211	Task(1)	pcieport 0000:00:15.5: pciehp: Slot #165 AttnBtn+ PwrCtrl+ MRL- AttnInd- PwrInd- HotPlug+ Surprise- Interlock- NoCompl+ IbPresDis- LLActRep+
kern	info	6.549211	Task(1)	 SUBSYSTEM=pci
kern	info	6.549211	Task(1)	 DEVICE=+pci:0000:00:15.5
kern	info	6.556162	Task(1)	pcieport 0000:00:15.6: PME: Signaling with IRQ 30
kern	info	6.556162	Task(1)	 SUBSYSTEM=pci
kern	info	6.556162	Task(1)	 DEVICE=+pci:0000:00:15.6
kern	info	6.558079	Task(1)	pcieport 0000:00:15.6: pciehp: Slot #166 AttnBtn+ PwrCtrl+ MRL- AttnInd- PwrInd- HotPlug+ Surprise- Interlock- NoCompl+ IbPresDis- LLActRep+
kern	info	6.558079	Task(1)	 SUBSYSTEM=pci
kern	info	6.558079	Task(1)	 DEVICE=+pci:0000:00:15.6
kern	info	6.564999	Task(1)	pcieport 0000:00:15.7: PME: Signaling with IRQ 31
kern	info	6.564999	Task(1)	 SUBSYSTEM=pci
kern	info	6.564999	Task(1)	 DEVICE=+pci:0000:00:15.7
kern	info	6.566537	Task(1)	pcieport 0000:00:15.7: pciehp: Slot #167 AttnBtn+ PwrCtrl+ MRL- AttnInd- PwrInd- HotPlug+ Surprise- Interlock- NoCompl+ IbPresDis- LLActRep+
kern	info	6.566537	Task(1)	 SUBSYSTEM=pci
kern	info	6.566537	Task(1)	 DEVICE=+pci:0000:00:15.7
kern	info	6.573999	Task(1)	pcieport 0000:00:16.0: PME: Signaling with IRQ 32
kern	info	6.573999	Task(1)	 SUBSYSTEM=pci
kern	info	6.573999	Task(1)	 DEVICE=+pci:0000:00:16.0
kern	info	6.575591	Task(1)	pcieport 0000:00:16.0: pciehp: Slot #192 AttnBtn+ PwrCtrl+ MRL- AttnInd- PwrInd- HotPlug+ Surprise- Interlock- NoCompl+ IbPresDis- LLActRep+
kern	info	6.575591	Task(1)	 SUBSYSTEM=pci
kern	info	6.575591	Task(1)	 DEVICE=+pci:0000:00:16.0
kern	info	6.582849	Task(1)	pcieport 0000:00:16.1: PME: Signaling with IRQ 33
kern	info	6.582849	Task(1)	 SUBSYSTEM=pci
kern	info	6.582849	Task(1)	 DEVICE=+pci:0000:00:16.1
kern	info	6.584591	Task(1)	pcieport 0000:00:16.1: pciehp: Slot #193 AttnBtn+ PwrCtrl+ MRL- AttnInd- PwrInd- HotPlug+ Surprise- Interlock- NoCompl+ IbPresDis- LLActRep+
kern	info	6.584591	Task(1)	 SUBSYSTEM=pci
kern	info	6.584591	Task(1)	 DEVICE=+pci:0000:00:16.1
kern	info	6.591518	Task(1)	pcieport 0000:00:16.2: PME: Signaling with IRQ 34
kern	info	6.591518	Task(1)	 SUBSYSTEM=pci
kern	info	6.591518	Task(1)	 DEVICE=+pci:0000:00:16.2
kern	info	6.593036	Task(1)	pcieport 0000:00:16.2: pciehp: Slot #194 AttnBtn+ PwrCtrl+ MRL- AttnInd- PwrInd- HotPlug+ Surprise- Interlock- NoCompl+ IbPresDis- LLActRep+
kern	info	6.593036	Task(1)	 SUBSYSTEM=pci
kern	info	6.593036	Task(1)	 DEVICE=+pci:0000:00:16.2
kern	info	6.600323	Task(1)	pcieport 0000:00:16.3: PME: Signaling with IRQ 35
kern	info	6.600323	Task(1)	 SUBSYSTEM=pci
kern	info	6.600323	Task(1)	 DEVICE=+pci:0000:00:16.3
kern	info	6.602450	Task(1)	pcieport 0000:00:16.3: pciehp: Slot #195 AttnBtn+ PwrCtrl+ MRL- AttnInd- PwrInd- HotPlug+ Surprise- Interlock- NoCompl+ IbPresDis- LLActRep+
kern	info	6.602450	Task(1)	 SUBSYSTEM=pci
kern	info	6.602450	Task(1)	 DEVICE=+pci:0000:00:16.3
kern	info	6.609517	Task(1)	pcieport 0000:00:16.4: PME: Signaling with IRQ 36
kern	info	6.609517	Task(1)	 SUBSYSTEM=pci
kern	info	6.609517	Task(1)	 DEVICE=+pci:0000:00:16.4
kern	info	6.611303	Task(1)	pcieport 0000:00:16.4: pciehp: Slot #196 AttnBtn+ PwrCtrl+ MRL- AttnInd- PwrInd- HotPlug+ Surprise- Interlock- NoCompl+ IbPresDis- LLActRep+
kern	info	6.611303	Task(1)	 SUBSYSTEM=pci
kern	info	6.611303	Task(1)	 DEVICE=+pci:0000:00:16.4
kern	info	6.618333	Task(1)	pcieport 0000:00:16.5: PME: Signaling with IRQ 37
kern	info	6.618333	Task(1)	 SUBSYSTEM=pci
kern	info	6.618333	Task(1)	 DEVICE=+pci:0000:00:16.5
kern	info	6.620074	Task(1)	pcieport 0000:00:16.5: pciehp: Slot #197 AttnBtn+ PwrCtrl+ MRL- AttnInd- PwrInd- HotPlug+ Surprise- Interlock- NoCompl+ IbPresDis- LLActRep+
kern	info	6.620074	Task(1)	 SUBSYSTEM=pci
kern	info	6.620074	Task(1)	 DEVICE=+pci:0000:00:16.5
kern	info	6.628105	Task(1)	pcieport 0000:00:16.6: PME: Signaling with IRQ 38
kern	info	6.628105	Task(1)	 SUBSYSTEM=pci
kern	info	6.628105	Task(1)	 DEVICE=+pci:0000:00:16.6
kern	info	6.629668	Task(1)	pcieport 0000:00:16.6: pciehp: Slot #198 AttnBtn+ PwrCtrl+ MRL- AttnInd- PwrInd- HotPlug+ Surprise- Interlock- NoCompl+ IbPresDis- LLActRep+
kern	info	6.629668	Task(1)	 SUBSYSTEM=pci
kern	info	6.629668	Task(1)	 DEVICE=+pci:0000:00:16.6
kern	info	6.636478	Task(1)	pcieport 0000:00:16.7: PME: Signaling with IRQ 39
kern	info	6.636478	Task(1)	 SUBSYSTEM=pci
kern	info	6.636478	Task(1)	 DEVICE=+pci:0000:00:16.7
kern	info	6.638067	Task(1)	pcieport 0000:00:16.7: pciehp: Slot #199 AttnBtn+ PwrCtrl+ MRL- AttnInd- PwrInd- HotPlug+ Surprise- Interlock- NoCompl+ IbPresDis- LLActRep+
kern	info	6.638067	Task(1)	 SUBSYSTEM=pci
kern	info	6.638067	Task(1)	 DEVICE=+pci:0000:00:16.7
kern	info	6.645968	Task(1)	pcieport 0000:00:17.0: PME: Signaling with IRQ 40
kern	info	6.645968	Task(1)	 SUBSYSTEM=pci
kern	info	6.645968	Task(1)	 DEVICE=+pci:0000:00:17.0
kern	info	6.647723	Task(1)	pcieport 0000:00:17.0: pciehp: Slot #224 AttnBtn+ PwrCtrl+ MRL- AttnInd- PwrInd- HotPlug+ Surprise- Interlock- NoCompl+ IbPresDis- LLActRep+
kern	info	6.647723	Task(1)	 SUBSYSTEM=pci
kern	info	6.647723	Task(1)	 DEVICE=+pci:0000:00:17.0
kern	info	6.655079	Task(1)	pcieport 0000:00:17.1: PME: Signaling with IRQ 41
kern	info	6.655079	Task(1)	 SUBSYSTEM=pci
kern	info	6.655079	Task(1)	 DEVICE=+pci:0000:00:17.1
kern	info	6.656677	Task(1)	pcieport 0000:00:17.1: pciehp: Slot #225 AttnBtn+ PwrCtrl+ MRL- AttnInd- PwrInd- HotPlug+ Surprise- Interlock- NoCompl+ IbPresDis- LLActRep+
kern	info	6.656677	Task(1)	 SUBSYSTEM=pci
kern	info	6.656677	Task(1)	 DEVICE=+pci:0000:00:17.1
kern	info	6.663624	Task(1)	pcieport 0000:00:17.2: PME: Signaling with IRQ 42
kern	info	6.663624	Task(1)	 SUBSYSTEM=pci
kern	info	6.663624	Task(1)	 DEVICE=+pci:0000:00:17.2
kern	info	6.665281	Task(1)	pcieport 0000:00:17.2: pciehp: Slot #226 AttnBtn+ PwrCtrl+ MRL- AttnInd- PwrInd- HotPlug+ Surprise- Interlock- NoCompl+ IbPresDis- LLActRep+
kern	info	6.665281	Task(1)	 SUBSYSTEM=pci
kern	info	6.665281	Task(1)	 DEVICE=+pci:0000:00:17.2
kern	info	6.673731	Task(1)	pcieport 0000:00:17.3: PME: Signaling with IRQ 43
kern	info	6.673731	Task(1)	 SUBSYSTEM=pci
kern	info	6.673731	Task(1)	 DEVICE=+pci:0000:00:17.3
kern	info	6.675217	Task(1)	pcieport 0000:00:17.3: pciehp: Slot #227 AttnBtn+ PwrCtrl+ MRL- AttnInd- PwrInd- HotPlug+ Surprise- Interlock- NoCompl+ IbPresDis- LLActRep+
kern	info	6.675217	Task(1)	 SUBSYSTEM=pci
kern	info	6.675217	Task(1)	 DEVICE=+pci:0000:00:17.3
kern	info	6.682143	Task(1)	pcieport 0000:00:17.4: PME: Signaling with IRQ 44
kern	info	6.682143	Task(1)	 SUBSYSTEM=pci
kern	info	6.682143	Task(1)	 DEVICE=+pci:0000:00:17.4
kern	info	6.683832	Task(1)	pcieport 0000:00:17.4: pciehp: Slot #228 AttnBtn+ PwrCtrl+ MRL- AttnInd- PwrInd- HotPlug+ Surprise- Interlock- NoCompl+ IbPresDis- LLActRep+
kern	info	6.683832	Task(1)	 SUBSYSTEM=pci
kern	info	6.683832	Task(1)	 DEVICE=+pci:0000:00:17.4
kern	info	6.690651	Task(1)	pcieport 0000:00:17.5: PME: Signaling with IRQ 45
kern	info	6.690651	Task(1)	 SUBSYSTEM=pci
kern	info	6.690651	Task(1)	 DEVICE=+pci:0000:00:17.5
kern	info	6.692647	Task(1)	pcieport 0000:00:17.5: pciehp: Slot #229 AttnBtn+ PwrCtrl+ MRL- AttnInd- PwrInd- HotPlug+ Surprise- Interlock- NoCompl+ IbPresDis- LLActRep+
kern	info	6.692647	Task(1)	 SUBSYSTEM=pci
kern	info	6.692647	Task(1)	 DEVICE=+pci:0000:00:17.5
kern	info	6.700826	Task(1)	pcieport 0000:00:17.6: PME: Signaling with IRQ 46
kern	info	6.700826	Task(1)	 SUBSYSTEM=pci
kern	info	6.700826	Task(1)	 DEVICE=+pci:0000:00:17.6
kern	info	6.702474	Task(1)	pcieport 0000:00:17.6: pciehp: Slot #230 AttnBtn+ PwrCtrl+ MRL- AttnInd- PwrInd- HotPlug+ Surprise- Interlock- NoCompl+ IbPresDis- LLActRep+
kern	info	6.702474	Task(1)	 SUBSYSTEM=pci
kern	info	6.702474	Task(1)	 DEVICE=+pci:0000:00:17.6
kern	info	6.710205	Task(1)	pcieport 0000:00:17.7: PME: Signaling with IRQ 47
kern	info	6.710205	Task(1)	 SUBSYSTEM=pci
kern	info	6.710205	Task(1)	 DEVICE=+pci:0000:00:17.7
kern	info	6.711790	Task(1)	pcieport 0000:00:17.7: pciehp: Slot #231 AttnBtn+ PwrCtrl+ MRL- AttnInd- PwrInd- HotPlug+ Surprise- Interlock- NoCompl+ IbPresDis- LLActRep+
kern	info	6.711790	Task(1)	 SUBSYSTEM=pci
kern	info	6.711790	Task(1)	 DEVICE=+pci:0000:00:17.7
kern	info	6.718734	Task(1)	pcieport 0000:00:18.0: PME: Signaling with IRQ 48
kern	info	6.718734	Task(1)	 SUBSYSTEM=pci
kern	info	6.718734	Task(1)	 DEVICE=+pci:0000:00:18.0
kern	info	6.720392	Task(1)	pcieport 0000:00:18.0: pciehp: Slot #256 AttnBtn+ PwrCtrl+ MRL- AttnInd- PwrInd- HotPlug+ Surprise- Interlock- NoCompl+ IbPresDis- LLActRep+
kern	info	6.720392	Task(1)	 SUBSYSTEM=pci
kern	info	6.720392	Task(1)	 DEVICE=+pci:0000:00:18.0
kern	info	6.727440	Task(1)	pcieport 0000:00:18.1: PME: Signaling with IRQ 49
kern	info	6.727440	Task(1)	 SUBSYSTEM=pci
kern	info	6.727440	Task(1)	 DEVICE=+pci:0000:00:18.1
kern	info	6.729100	Task(1)	pcieport 0000:00:18.1: pciehp: Slot #257 AttnBtn+ PwrCtrl+ MRL- AttnInd- PwrInd- HotPlug+ Surprise- Interlock- NoCompl+ IbPresDis- LLActRep+
kern	info	6.729100	Task(1)	 SUBSYSTEM=pci
kern	info	6.729100	Task(1)	 DEVICE=+pci:0000:00:18.1
kern	info	6.737021	Task(1)	pcieport 0000:00:18.2: PME: Signaling with IRQ 50
kern	info	6.737021	Task(1)	 SUBSYSTEM=pci
kern	info	6.737021	Task(1)	 DEVICE=+pci:0000:00:18.2
kern	info	6.738837	Task(1)	pcieport 0000:00:18.2: pciehp: Slot #258 AttnBtn+ PwrCtrl+ MRL- AttnInd- PwrInd- HotPlug+ Surprise- Interlock- NoCompl+ IbPresDis- LLActRep+
kern	info	6.738837	Task(1)	 SUBSYSTEM=pci
kern	info	6.738837	Task(1)	 DEVICE=+pci:0000:00:18.2
kern	info	6.746332	Task(1)	pcieport 0000:00:18.3: PME: Signaling with IRQ 51
kern	info	6.746332	Task(1)	 SUBSYSTEM=pci
kern	info	6.746332	Task(1)	 DEVICE=+pci:0000:00:18.3
kern	info	6.747979	Task(1)	pcieport 0000:00:18.3: pciehp: Slot #259 AttnBtn+ PwrCtrl+ MRL- AttnInd- PwrInd- HotPlug+ Surprise- Interlock- NoCompl+ IbPresDis- LLActRep+
kern	info	6.747979	Task(1)	 SUBSYSTEM=pci
kern	info	6.747979	Task(1)	 DEVICE=+pci:0000:00:18.3
kern	info	6.755587	Task(1)	pcieport 0000:00:18.4: PME: Signaling with IRQ 52
kern	info	6.755587	Task(1)	 SUBSYSTEM=pci
kern	info	6.755587	Task(1)	 DEVICE=+pci:0000:00:18.4
kern	info	6.757266	Task(1)	pcieport 0000:00:18.4: pciehp: Slot #260 AttnBtn+ PwrCtrl+ MRL- AttnInd- PwrInd- HotPlug+ Surprise- Interlock- NoCompl+ IbPresDis- LLActRep+
kern	info	6.757266	Task(1)	 SUBSYSTEM=pci
kern	info	6.757266	Task(1)	 DEVICE=+pci:0000:00:18.4
kern	info	6.763951	Task(1)	pcieport 0000:00:18.5: PME: Signaling with IRQ 53
kern	info	6.763951	Task(1)	 SUBSYSTEM=pci
kern	info	6.763951	Task(1)	 DEVICE=+pci:0000:00:18.5
kern	info	6.767719	Task(1)	pcieport 0000:00:18.5: pciehp: Slot #261 AttnBtn+ PwrCtrl+ MRL- AttnInd- PwrInd- HotPlug+ Surprise- Interlock- NoCompl+ IbPresDis- LLActRep+
kern	info	6.767719	Task(1)	 SUBSYSTEM=pci
kern	info	6.767719	Task(1)	 DEVICE=+pci:0000:00:18.5
kern	info	6.774877	Task(1)	pcieport 0000:00:18.6: PME: Signaling with IRQ 54
kern	info	6.774877	Task(1)	 SUBSYSTEM=pci
kern	info	6.774877	Task(1)	 DEVICE=+pci:0000:00:18.6
kern	info	6.776404	Task(1)	pcieport 0000:00:18.6: pciehp: Slot #262 AttnBtn+ PwrCtrl+ MRL- AttnInd- PwrInd- HotPlug+ Surprise- Interlock- NoCompl+ IbPresDis- LLActRep+
kern	info	6.776404	Task(1)	 SUBSYSTEM=pci
kern	info	6.776404	Task(1)	 DEVICE=+pci:0000:00:18.6
kern	info	6.783559	Task(1)	pcieport 0000:00:18.7: PME: Signaling with IRQ 55
kern	info	6.783559	Task(1)	 SUBSYSTEM=pci
kern	info	6.783559	Task(1)	 DEVICE=+pci:0000:00:18.7
kern	info	6.785196	Task(1)	pcieport 0000:00:18.7: pciehp: Slot #263 AttnBtn+ PwrCtrl+ MRL- AttnInd- PwrInd- HotPlug+ Surprise- Interlock- NoCompl+ IbPresDis- LLActRep+
kern	info	6.785196	Task(1)	 SUBSYSTEM=pci
kern	info	6.785196	Task(1)	 DEVICE=+pci:0000:00:18.7
kern	info	6.790732	Task(1)	shpchp: Standard Hot Plug PCI Controller Driver version: 0.4
kern	info	6.797692	Task(1)	ACPI: AC: AC Adapter [ACAD] (on-line)
kern	info	6.799496	Task(1)	input: Power Button as /devices/LNXSYSTM:00/LNXPWRBN:00/input/input0
kern	info	6.801473	Task(1)	ACPI: button: Power Button [PWRF]
kern	info	6.806622	Task(1)	Serial: 8250/16550 driver, 32 ports, IRQ sharing enabled
kern	info	6.835988	Task(1)	00:05: ttyS0 at I/O 0x3f8 (irq = 4, base_baud = 115200) is a 16550A
kern	info	6.971177	Task(1)	Linux agpgart interface v0.103
kern	info	6.972644	Task(1)	agpgart-intel 0000:00:00.0: Intel 440BX Chipset
kern	info	6.972644	Task(1)	 SUBSYSTEM=pci
kern	info	6.972644	Task(1)	 DEVICE=+pci:0000:00:00.0
kern	info	7.033492	Task(1)	agpgart-intel 0000:00:00.0: AGP aperture is 256M @ 0x0
kern	info	7.033492	Task(1)	 SUBSYSTEM=pci
kern	info	7.033492	Task(1)	 DEVICE=+pci:0000:00:00.0
kern	info	7.113558	Task(1)	loop: module loaded
kern	debug	7.116140	Task(1)	ata_piix 0000:00:07.1: version 2.13
kern	debug	7.116140	Task(1)	 SUBSYSTEM=pci
kern	debug	7.116140	Task(1)	 DEVICE=+pci:0000:00:07.1
kern	info	7.120926	Task(1)	scsi host0: ata_piix
kern	info	7.120926	Task(1)	 SUBSYSTEM=scsi
kern	info	7.120926	Task(1)	 DEVICE=+scsi:host0
kern	info	7.123920	Task(1)	scsi host1: ata_piix
kern	info	7.123920	Task(1)	 SUBSYSTEM=scsi
kern	info	7.123920	Task(1)	 DEVICE=+scsi:host1
kern	info	7.125045	Task(1)	ata1: PATA max UDMA/33 cmd 0x1f0 ctl 0x3f6 bmdma 0x1060 irq 14 lpm-pol 0
kern	info	7.126963	Task(1)	ata2: PATA max UDMA/33 cmd 0x170 ctl 0x376 bmdma 0x1068 irq 15 lpm-pol 0
kern	info	7.128948	Task(1)	ACPI: bus type drm_connector registered
kern	info	7.136833	Task(1)	tun: Universal TUN/TAP device driver, 1.6
kern	info	7.138397	Task(1)	PPP generic driver version 2.4.2
kern	info	7.142900	Task(1)	uhci_hcd 0000:02:00.0: UHCI Host Controller
kern	info	7.142900	Task(1)	 SUBSYSTEM=pci
kern	info	7.142900	Task(1)	 DEVICE=+pci:0000:02:00.0
kern	info	7.145819	Task(1)	uhci_hcd 0000:02:00.0: new USB bus registered, assigned bus number 1
kern	info	7.145819	Task(1)	 SUBSYSTEM=pci
kern	info	7.145819	Task(1)	 DEVICE=+pci:0000:02:00.0
kern	info	7.147815	Task(1)	uhci_hcd 0000:02:00.0: detected 2 ports
kern	info	7.147815	Task(1)	 SUBSYSTEM=pci
kern	info	7.147815	Task(1)	 DEVICE=+pci:0000:02:00.0
kern	info	7.149360	Task(1)	uhci_hcd 0000:02:00.0: irq 18, io port 0x00002080
kern	info	7.149360	Task(1)	 SUBSYSTEM=pci
kern	info	7.149360	Task(1)	 DEVICE=+pci:0000:02:00.0
kern	info	7.150984	Task(1)	usb usb1: New USB device found, idVendor=1d6b, idProduct=0001, bcdDevice= 6.08
kern	info	7.150984	Task(1)	 SUBSYSTEM=usb
kern	info	7.150984	Task(1)	 DEVICE=c189:0
kern	info	7.152961	Task(1)	usb usb1: New USB device strings: Mfr=3, Product=2, SerialNumber=1
kern	info	7.152961	Task(1)	 SUBSYSTEM=usb
kern	info	7.152961	Task(1)	 DEVICE=c189:0
kern	info	7.154960	Task(1)	usb usb1: Product: UHCI Host Controller
kern	info	7.154960	Task(1)	 SUBSYSTEM=usb
kern	info	7.154960	Task(1)	 DEVICE=c189:0
kern	info	7.155905	Task(1)	usb usb1: Manufacturer: Linux 6.8.0-87-generic uhci_hcd
kern	info	7.155905	Task(1)	 SUBSYSTEM=usb
kern	info	7.155905	Task(1)	 DEVICE=c189:0
kern	info	7.157272	Task(1)	usb usb1: SerialNumber: 0000:02:00.0
kern	info	7.157272	Task(1)	 SUBSYSTEM=usb
kern	info	7.157272	Task(1)	 DEVICE=c189:0
kern	info	7.159026	Task(1)	hub 1-0:1.0: USB hub found
kern	info	7.159026	Task(1)	 SUBSYSTEM=usb
kern	info	7.159026	Task(1)	 DEVICE=+usb:1-0:1.0
kern	info	7.160024	Task(1)	hub 1-0:1.0: 2 ports detected
kern	info	7.160024	Task(1)	 SUBSYSTEM=usb
kern	info	7.160024	Task(1)	 DEVICE=+usb:1-0:1.0
kern	info	7.161487	Task(113)	ehci-pci 0000:02:03.0: EHCI Host Controller
kern	info	7.161487	Task(113)	 SUBSYSTEM=pci
kern	info	7.161487	Task(113)	 DEVICE=+pci:0000:02:03.0
kern	info	7.163150	Task(113)	ehci-pci 0000:02:03.0: new USB bus registered, assigned bus number 2
kern	info	7.163150	Task(113)	 SUBSYSTEM=pci
kern	info	7.163150	Task(113)	 DEVICE=+pci:0000:02:03.0
kern	info	7.164059	Task(1)	i8042: PNP: PS/2 Controller [PNP0303:KBC,PNP0f13:MOUS] at 0x60,0x64 irq 1,12
kern	info	7.166260	Task(113)	ehci-pci 0000:02:03.0: irq 17, io mem 0xfd5ef000
kern	info	7.166260	Task(113)	 SUBSYSTEM=pci
kern	info	7.166260	Task(113)	 DEVICE=+pci:0000:02:03.0
kern	info	7.171522	Task(1)	serio: i8042 KBD port at 0x60,0x64 irq 1
kern	info	7.173199	Task(1)	serio: i8042 AUX port at 0x60,0x64 irq 12
kern	info	7.175546	Task(113)	ehci-pci 0000:02:03.0: USB 2.0 started, EHCI 1.00
kern	info	7.175546	Task(113)	 SUBSYSTEM=pci
kern	info	7.175546	Task(113)	 DEVICE=+pci:0000:02:03.0
kern	info	7.176454	Task(1)	mousedev: PS/2 mouse device common for all mice
kern	info	7.177198	Task(113)	usb usb2: New USB device found, idVendor=1d6b, idProduct=0002, bcdDevice= 6.08
kern	info	7.177198	Task(113)	 SUBSYSTEM=usb
kern	info	7.177198	Task(113)	 DEVICE=c189:128
kern	info	7.179727	Task(113)	usb usb2: New USB device strings: Mfr=3, Product=2, SerialNumber=1
kern	info	7.179727	Task(113)	 SUBSYSTEM=usb
kern	info	7.179727	Task(113)	 DEVICE=c189:128
kern	info	7.181351	Task(113)	usb usb2: Product: EHCI Host Controller
kern	info	7.181351	Task(113)	 SUBSYSTEM=usb
kern	info	7.181351	Task(113)	 DEVICE=c189:128
kern	info	7.182424	Task(113)	usb usb2: Manufacturer: Linux 6.8.0-87-generic ehci_hcd
kern	info	7.182424	Task(113)	 SUBSYSTEM=usb
kern	info	7.182424	Task(113)	 DEVICE=c189:128
kern	info	7.183948	Task(113)	usb usb2: SerialNumber: 0000:02:03.0
kern	info	7.183948	Task(113)	 SUBSYSTEM=usb
kern	info	7.183948	Task(113)	 DEVICE=c189:128
kern	info	7.184304	Task(61)	input: AT Translated Set 2 keyboard as /devices/platform/i8042/serio0/input/input1
kern	info	7.185482	Task(113)	hub 2-0:1.0: USB hub found
kern	info	7.185482	Task(113)	 SUBSYSTEM=usb
kern	info	7.185482	Task(113)	 DEVICE=+usb:2-0:1.0
kern	info	7.187314	Task(1)	rtc_cmos 00:01: registered as rtc0
kern	info	7.187314	Task(1)	 SUBSYSTEM=pnp
kern	info	7.187314	Task(1)	 DEVICE=+pnp:00:01
kern	info	7.187700	Task(113)	hub 2-0:1.0: 6 ports detected
kern	info	7.187700	Task(113)	 SUBSYSTEM=usb
kern	info	7.187700	Task(113)	 DEVICE=+usb:2-0:1.0
kern	info	7.189012	Task(1)	rtc_cmos 00:01: setting system clock to 2025-11-19T16:58:44 UTC (1763571524)
kern	info	7.189012	Task(1)	 SUBSYSTEM=pnp
kern	info	7.189012	Task(1)	 DEVICE=+pnp:00:01
kern	info	7.192921	Task(1)	rtc_cmos 00:01: alarms up to one month, y3k, 114 bytes nvram, hpet irqs
kern	info	7.192921	Task(1)	 SUBSYSTEM=pnp
kern	info	7.192921	Task(1)	 DEVICE=+pnp:00:01
kern	info	7.195018	Task(1)	i2c_dev: i2c /dev entries driver
kern	warn	7.196845	Task(1)	device-mapper: core: CONFIG_IMA_DISABLE_HTABLE is disabled. Duplicate IMA measurements will not be recorded in the IMA log.
kern	info	7.199766	Task(1)	device-mapper: uevent: version 1.0.3
kern	info	7.202689	Task(1)	device-mapper: ioctl: 4.48.0-ioctl (2023-03-01) initialised: dm-devel@redhat.com
kern	warn	7.204560	Task(1)	amd_pstate: the _CPC object is not present in SBIOS or ACPI disabled
kern	info	7.207257	Task(1)	ledtrig-cpu: registered to indicate activity on CPUs
kern	info	7.210513	Task(1)	drop_monitor: Initializing network drop monitor service
kern	info	7.212879	Task(1)	NET: Registered PF_INET6 protocol family
kern	info	7.391501	Task(31)	usb 1-1: new full-speed USB device number 2 using uhci_hcd
kern	info	7.391501	Task(31)	 SUBSYSTEM=usb
kern	info	7.391501	Task(31)	 DEVICE=+usb:1-1
kern	info	7.536229	Task(31)	usb 1-1: New USB device found, idVendor=0e0f, idProduct=0003, bcdDevice= 1.03
kern	info	7.536229	Task(31)	 SUBSYSTEM=usb
kern	info	7.536229	Task(31)	 DEVICE=c189:1
kern	info	7.538136	Task(31)	usb 1-1: New USB device strings: Mfr=1, Product=2, SerialNumber=0
kern	info	7.538136	Task(31)	 SUBSYSTEM=usb
kern	info	7.538136	Task(31)	 DEVICE=c189:1
kern	info	7.539540	Task(31)	usb 1-1: Product: VMware Virtual USB Mouse
kern	info	7.539540	Task(31)	 SUBSYSTEM=usb
kern	info	7.539540	Task(31)	 DEVICE=c189:1
kern	info	7.540642	Task(31)	usb 1-1: Manufacturer: VMware
kern	info	7.540642	Task(31)	 SUBSYSTEM=usb
kern	info	7.540642	Task(31)	 DEVICE=c189:1
kern	info	7.663170	Task(31)	usb 1-2: new full-speed USB device number 3 using uhci_hcd
kern	info	7.663170	Task(31)	 SUBSYSTEM=usb
kern	info	7.663170	Task(31)	 DEVICE=+usb:1-2
kern	info	7.808936	Task(31)	usb 1-2: New USB device found, idVendor=0e0f, idProduct=0002, bcdDevice= 1.00
kern	info	7.808936	Task(31)	 SUBSYSTEM=usb
kern	info	7.808936	Task(31)	 DEVICE=c189:2
kern	info	7.811062	Task(31)	usb 1-2: New USB device strings: Mfr=1, Product=2, SerialNumber=0
kern	info	7.811062	Task(31)	 SUBSYSTEM=usb
kern	info	7.811062	Task(31)	 DEVICE=c189:2
kern	info	7.812609	Task(31)	usb 1-2: Product: VMware Virtual USB Hub
kern	info	7.812609	Task(31)	 SUBSYSTEM=usb
kern	info	7.812609	Task(31)	 DEVICE=c189:2
kern	info	7.813817	Task(31)	usb 1-2: Manufacturer: VMware, Inc.
kern	info	7.813817	Task(31)	 SUBSYSTEM=usb
kern	info	7.813817	Task(31)	 DEVICE=c189:2
kern	info	7.822092	Task(31)	hub 1-2:1.0: USB hub found
kern	info	7.822092	Task(31)	 SUBSYSTEM=usb
kern	info	7.822092	Task(31)	 DEVICE=+usb:1-2:1.0
kern	info	7.826351	Task(31)	hub 1-2:1.0: 7 ports detected
kern	info	7.826351	Task(31)	 SUBSYSTEM=usb
kern	info	7.826351	Task(31)	 DEVICE=+usb:1-2:1.0
kern	info	7.967888	Task(39)	Freeing initrd memory: 70716K
kern	info	7.994833	Task(1)	Segment Routing with IPv6
kern	info	7.995812	Task(1)	In-situ OAM (IOAM) with IPv6
kern	info	7.997149	Task(1)	NET: Registered PF_PACKET protocol family
kern	notice	7.999026	Task(1)	Key type dns_resolver registered
kern	info	8.003863	Task(1)	IPI shorthand broadcast: enabled
kern	info	8.013213	Task(1)	sched_clock: Marking stable (7475304089, 537822603)->(8227187521, -214060829)
kern	info	8.016222	Task(1)	registered taskstats version 1
kern	notice	8.039880	Task(1)	Loading compiled-in X.509 certificates
kern	notice	8.043540	Task(1)	Loaded X.509 cert 'Build time autogenerated kernel key: 0c8cf4670278e6918da1b8844dc518767e4d8c49'
kern	notice	8.046298	Task(1)	Loaded X.509 cert 'Canonical Ltd. Live Patch Signing 2025 Kmod: d541cef61dc7e793b7eb7e899970a2eef0b5dc8c'
kern	notice	8.048891	Task(1)	Loaded X.509 cert 'Canonical Ltd. Live Patch Signing: 14df34d1a87cf37625abec039ef2bf521249b969'
kern	notice	8.051752	Task(1)	Loaded X.509 cert 'Canonical Ltd. Kernel Module Signing: 88f752e560a1e0737e31163a466ad7b70a850c19'
kern	notice	8.053676	Task(1)	blacklist: Loading compiled-in revocation X.509 certificates
kern	notice	8.055245	Task(1)	Loaded X.509 cert 'Canonical Ltd. Secure Boot Signing: 61482aa2830d0ab2ad5af10b7250da9033ddcef0'
kern	notice	8.057291	Task(1)	Loaded X.509 cert 'Canonical Ltd. Secure Boot Signing (2017): 242ade75ac4a15e50d50c84b0d45ff3eae707a03'
kern	notice	8.059695	Task(1)	Loaded X.509 cert 'Canonical Ltd. Secure Boot Signing (ESM 2018): 365188c1d374d6b07c3c8f240f8ef722433d6a8b'
kern	notice	8.062320	Task(1)	Loaded X.509 cert 'Canonical Ltd. Secure Boot Signing (2019): c0746fd6c5da3ae827864651ad66ae47fe24b3e8'
kern	notice	8.064671	Task(1)	Loaded X.509 cert 'Canonical Ltd. Secure Boot Signing (2021 v1): a8d54bbb3825cfb94fa13c9f8a594a195c107b8d'
kern	notice	8.067030	Task(1)	Loaded X.509 cert 'Canonical Ltd. Secure Boot Signing (2021 v2): 4cf046892d6fd3c9a5b03f98d845f90851dc6a8c'
kern	notice	8.070782	Task(1)	Loaded X.509 cert 'Canonical Ltd. Secure Boot Signing (2021 v3): 100437bb6de6e469b581e61cd66bce3ef4ed53af'
kern	notice	8.073303	Task(1)	Loaded X.509 cert 'Canonical Ltd. Secure Boot Signing (Ubuntu Core 2019): c1d57b8f6b743f23ee41f4f7ee292f06eecadfb9'
kern	notice	8.111783	Task(1)	Key type .fscrypt registered
kern	notice	8.112760	Task(1)	Key type fscrypt-provisioning registered
kern	info	8.137061	Task(135)	cryptd: max_cpu_qlen set to 1000
kern	info	8.155944	Task(135)	AVX2 version of gcm_enc/dec engaged.
kern	info	8.158831	Task(135)	AES CTR mode by8 optimization enabled
kern	notice	8.206554	Task(1)	Key type encrypted registered
kern	info	8.207464	Task(1)	AppArmor: AppArmor sha256 policy hashing enabled
kern	info	8.208640	Task(1)	ima: No TPM chip found, activating TPM-bypass!
kern	notice	8.210020	Task(1)	Loading compiled-in module X.509 certificates
kern	notice	8.211621	Task(1)	Loaded X.509 cert 'Build time autogenerated kernel key: 0c8cf4670278e6918da1b8844dc518767e4d8c49'
kern	info	8.213872	Task(1)	ima: Allocated hash algorithm: sha256
kern	info	8.214754	Task(1)	ima: No architecture policies found
kern	info	8.216283	Task(1)	evm: Initialising EVM extended attributes:
kern	info	8.217576	Task(1)	evm: security.selinux
kern	info	8.218440	Task(1)	evm: security.SMACK64
kern	info	8.219078	Task(1)	evm: security.SMACK64EXEC
kern	info	8.219939	Task(1)	evm: security.SMACK64TRANSMUTE
kern	info	8.220726	Task(1)	evm: security.SMACK64MMAP
kern	info	8.221561	Task(1)	evm: security.apparmor
kern	info	8.222244	Task(1)	evm: security.ima
kern	info	8.222966	Task(1)	evm: security.capability
kern	info	8.223713	Task(1)	evm: HMAC attrs: 0x1
kern	info	8.225993	Task(1)	PM:   Magic number: 1:599:995
kern	info	8.227067	Task(1)	clockevents clockevent68: hash matches
kern	info	8.227067	Task(1)	 SUBSYSTEM=clockevents
kern	info	8.227067	Task(1)	 DEVICE=+clockevents:clockevent68
kern	info	8.228503	Task(1)	memory memory38: hash matches
kern	info	8.228503	Task(1)	 SUBSYSTEM=memory
kern	info	8.228503	Task(1)	 DEVICE=+memory:memory38
kern	info	8.246695	Task(1)	RAS: Correctable Errors collector initialized.
kern	info	8.249829	Task(1)	clk: Disabling unused clocks
kern	info	8.255365	Task(1)	Freeing unused decrypted memory: 2028K
kern	info	8.259431	Task(1)	Freeing unused kernel image (initmem) memory: 4912K
kern	info	8.260708	Task(1)	Write protecting the kernel read-only data: 38912k
kern	info	8.263730	Task(1)	Freeing unused kernel image (rodata/data gap) memory: 2000K
kern	info	8.329913	Task(1)	x86/mm: Checked W+X mappings: passed, no W+X pages found.
kern	info	8.331077	Task(1)	Run /init as init process
kern	debug	8.332365	Task(1)	  with arguments:
kern	debug	8.332371	Task(1)	    /init
kern	debug	8.332373	Task(1)	  with environment:
kern	debug	8.332375	Task(1)	    HOME=/
kern	debug	8.332376	Task(1)	    TERM=linux
kern	debug	8.332378	Task(1)	    BOOT_IMAGE=/vmlinuz-6.8.0-87-generic
kern	info	9.166997	Task(196)	Fusion MPT base driver 3.04.20
kern	info	9.168154	Task(196)	Copyright (c) 1999-2008 LSI Corporation
kern	info	9.180662	Task(196)	Fusion MPT SPI Host driver 3.04.20
kern	info	9.187084	Task(196)	mptbase: ioc0: Initiating bringup
kern	debug	9.191931	Task(185)	ahci 0000:02:04.0: version 3.0
kern	debug	9.191931	Task(185)	 SUBSYSTEM=pci
kern	debug	9.191931	Task(185)	 DEVICE=+pci:0000:02:04.0
kern	info	9.192304	Task(198)	e1000: Intel(R) PRO/1000 Network Driver
kern	info	9.193884	Task(198)	e1000: Copyright (c) 1999-2006 Intel Corporation.
kern	info	9.206759	Task(184)	hid: raw HID events driver (C) Jiri Kosina
kern	info	9.210511	Task(185)	ahci 0000:02:04.0: AHCI 0001.0300 32 slots 30 ports 6 Gbps 0x3fffffff impl SATA mode
kern	info	9.210511	Task(185)	 SUBSYSTEM=pci
kern	info	9.210511	Task(185)	 DEVICE=+pci:0000:02:04.0
kern	info	9.212674	Task(185)	ahci 0000:02:04.0: flags: 64bit ncq clo only 
kern	info	9.212674	Task(185)	 SUBSYSTEM=pci
kern	info	9.212674	Task(185)	 DEVICE=+pci:0000:02:04.0
kern	info	9.224674	Task(196)	ioc0: LSI53C1030 B0: Capabilities={Initiator}
kern	info	9.247825	Task(137)	input: VirtualPS/2 VMware VMMouse as /devices/platform/i8042/serio1/input/input4
kern	info	9.251641	Task(137)	input: VirtualPS/2 VMware VMMouse as /devices/platform/i8042/serio1/input/input3
kern	info	9.264249	Task(184)	usbcore: registered new interface driver usbhid
kern	info	9.265662	Task(184)	usbhid: USB HID core driver
kern	info	9.307085	Task(185)	scsi host2: ahci
kern	info	9.307085	Task(185)	 SUBSYSTEM=scsi
kern	info	9.307085	Task(185)	 DEVICE=+scsi:host2
kern	info	9.312463	Task(185)	scsi host3: ahci
kern	info	9.312463	Task(185)	 SUBSYSTEM=scsi
kern	info	9.312463	Task(185)	 DEVICE=+scsi:host3
kern	info	9.326215	Task(185)	scsi host4: ahci
kern	info	9.326215	Task(185)	 SUBSYSTEM=scsi
kern	info	9.326215	Task(185)	 DEVICE=+scsi:host4
kern	info	9.330811	Task(185)	scsi host5: ahci
kern	info	9.330811	Task(185)	 SUBSYSTEM=scsi
kern	info	9.330811	Task(185)	 DEVICE=+scsi:host5
kern	info	9.337809	Task(196)	scsi host7: ioc0: LSI53C1030 B0, FwRev=01032920h, Ports=1, MaxQ=128, IRQ=17
kern	info	9.337809	Task(196)	 SUBSYSTEM=scsi
kern	info	9.337809	Task(196)	 DEVICE=+scsi:host7
kern	info	9.338415	Task(185)	scsi host6: ahci
kern	info	9.338415	Task(185)	 SUBSYSTEM=scsi
kern	info	9.338415	Task(185)	 DEVICE=+scsi:host6
kern	info	9.350492	Task(185)	scsi host8: ahci
kern	info	9.350492	Task(185)	 SUBSYSTEM=scsi
kern	info	9.350492	Task(185)	 DEVICE=+scsi:host8
kern	info	9.354571	Task(185)	scsi host9: ahci
kern	info	9.354571	Task(185)	 SUBSYSTEM=scsi
kern	info	9.354571	Task(185)	 DEVICE=+scsi:host9
kern	info	9.365380	Task(185)	scsi host10: ahci
kern	info	9.365380	Task(185)	 SUBSYSTEM=scsi
kern	info	9.365380	Task(185)	 DEVICE=+scsi:host10
kern	info	9.367824	Task(184)	input: VMware VMware Virtual USB Mouse as /devices/pci0000:00/0000:00:11.0/0000:02:00.0/usb1/1-1/1-1:1.0/0003:0E0F:0003.0001/input/input5
kern	info	9.371622	Task(185)	scsi host11: ahci
kern	info	9.371622	Task(185)	 SUBSYSTEM=scsi
kern	info	9.371622	Task(185)	 DEVICE=+scsi:host11
kern	info	9.373294	Task(184)	hid-generic 0003:0E0F:0003.0001: input,hidraw0: USB HID v1.10 Mouse [VMware VMware Virtual USB Mouse] on usb-0000:02:00.0-1/input0
kern	info	9.373294	Task(184)	 SUBSYSTEM=hid
kern	info	9.373294	Task(184)	 DEVICE=+hid:0003:0E0F:0003.0001
kern	info	9.374320	Task(185)	scsi host12: ahci
kern	info	9.374320	Task(185)	 SUBSYSTEM=scsi
kern	info	9.374320	Task(185)	 DEVICE=+scsi:host12
kern	info	9.377796	Task(185)	scsi host13: ahci
kern	info	9.377796	Task(185)	 SUBSYSTEM=scsi
kern	info	9.377796	Task(185)	 DEVICE=+scsi:host13
kern	info	9.379704	Task(185)	scsi host14: ahci
kern	info	9.379704	Task(185)	 SUBSYSTEM=scsi
kern	info	9.379704	Task(185)	 DEVICE=+scsi:host14
kern	info	9.382279	Task(185)	scsi host15: ahci
kern	info	9.382279	Task(185)	 SUBSYSTEM=scsi
kern	info	9.382279	Task(185)	 DEVICE=+scsi:host15
kern	info	9.384638	Task(185)	scsi host16: ahci
kern	info	9.384638	Task(185)	 SUBSYSTEM=scsi
kern	info	9.384638	Task(185)	 DEVICE=+scsi:host16
kern	info	9.387689	Task(185)	scsi host17: ahci
kern	info	9.387689	Task(185)	 SUBSYSTEM=scsi
kern	info	9.387689	Task(185)	 DEVICE=+scsi:host17
kern	info	9.389429	Task(185)	scsi host18: ahci
kern	info	9.389429	Task(185)	 SUBSYSTEM=scsi
kern	info	9.389429	Task(185)	 DEVICE=+scsi:host18
kern	notice	9.391215	Task(41)	scsi 7:0:0:0: Direct-Access     VMware,  VMware Virtual S 1.0  PQ: 0 ANSI: 2
kern	notice	9.391215	Task(41)	 SUBSYSTEM=scsi
kern	notice	9.391215	Task(41)	 DEVICE=+scsi:7:0:0:0
kern	info	9.394708	Task(185)	scsi host19: ahci
kern	info	9.394708	Task(185)	 SUBSYSTEM=scsi
kern	info	9.394708	Task(185)	 DEVICE=+scsi:host19
kern	info	9.396658	Task(185)	scsi host20: ahci
kern	info	9.396658	Task(185)	 SUBSYSTEM=scsi
kern	info	9.396658	Task(185)	 DEVICE=+scsi:host20
kern	info	9.398716	Task(185)	scsi host21: ahci
kern	info	9.398716	Task(185)	 SUBSYSTEM=scsi
kern	info	9.398716	Task(185)	 DEVICE=+scsi:host21
kern	info	9.399656	Task(41)	scsi target7:0:0: Beginning Domain Validation
kern	info	9.399656	Task(41)	 SUBSYSTEM=scsi
kern	info	9.399656	Task(41)	 DEVICE=+scsi:target7:0:0
kern	info	9.402954	Task(185)	scsi host22: ahci
kern	info	9.402954	Task(185)	 SUBSYSTEM=scsi
kern	info	9.402954	Task(185)	 DEVICE=+scsi:host22
kern	info	9.406767	Task(185)	scsi host23: ahci
kern	info	9.406767	Task(185)	 SUBSYSTEM=scsi
kern	info	9.406767	Task(185)	 DEVICE=+scsi:host23
kern	info	9.409290	Task(41)	scsi target7:0:0: Domain Validation skipping write tests
kern	info	9.409290	Task(41)	 SUBSYSTEM=scsi
kern	info	9.409290	Task(41)	 DEVICE=+scsi:target7:0:0
kern	info	9.410798	Task(41)	scsi target7:0:0: Ending Domain Validation
kern	info	9.410798	Task(41)	 SUBSYSTEM=scsi
kern	info	9.410798	Task(41)	 DEVICE=+scsi:target7:0:0
kern	info	9.411121	Task(185)	scsi host24: ahci
kern	info	9.411121	Task(185)	 SUBSYSTEM=scsi
kern	info	9.411121	Task(185)	 DEVICE=+scsi:host24
kern	info	9.412670	Task(41)	scsi target7:0:0: FAST-40 WIDE SCSI 80.0 MB/s ST (25 ns, offset 127)
kern	info	9.412670	Task(41)	 SUBSYSTEM=scsi
kern	info	9.412670	Task(41)	 DEVICE=+scsi:target7:0:0
kern	info	9.415079	Task(185)	scsi host25: ahci
kern	info	9.415079	Task(185)	 SUBSYSTEM=scsi
kern	info	9.415079	Task(185)	 DEVICE=+scsi:host25
kern	info	9.418176	Task(185)	scsi host26: ahci
kern	info	9.418176	Task(185)	 SUBSYSTEM=scsi
kern	info	9.418176	Task(185)	 DEVICE=+scsi:host26
kern	info	9.420891	Task(185)	scsi host27: ahci
kern	info	9.420891	Task(185)	 SUBSYSTEM=scsi
kern	info	9.420891	Task(185)	 DEVICE=+scsi:host27
kern	info	9.424447	Task(185)	scsi host28: ahci
kern	info	9.424447	Task(185)	 SUBSYSTEM=scsi
kern	info	9.424447	Task(185)	 DEVICE=+scsi:host28
kern	notice	9.427910	Task(41)	sd 7:0:0:0: Attached scsi generic sg0 type 0
kern	notice	9.427910	Task(41)	 SUBSYSTEM=scsi
kern	notice	9.427910	Task(41)	 DEVICE=+scsi:7:0:0:0
kern	info	9.428420	Task(185)	scsi host29: ahci
kern	info	9.428420	Task(185)	 SUBSYSTEM=scsi
kern	info	9.428420	Task(185)	 DEVICE=+scsi:host29
kern	notice	9.429783	Task(39)	sd 7:0:0:0: [sda] 125829120 512-byte logical blocks: (64.4 GB/60.0 GiB)
kern	notice	9.429783	Task(39)	 SUBSYSTEM=scsi
kern	notice	9.429783	Task(39)	 DEVICE=+scsi:7:0:0:0
kern	notice	9.432570	Task(39)	sd 7:0:0:0: [sda] Write Protect is off
kern	notice	9.432570	Task(39)	 SUBSYSTEM=scsi
kern	notice	9.432570	Task(39)	 DEVICE=+scsi:7:0:0:0
kern	info	9.433184	Task(185)	scsi host30: ahci
kern	info	9.433184	Task(185)	 SUBSYSTEM=scsi
kern	info	9.433184	Task(185)	 DEVICE=+scsi:host30
kern	debug	9.433708	Task(39)	sd 7:0:0:0: [sda] Mode Sense: 61 00 00 00
kern	debug	9.433708	Task(39)	 SUBSYSTEM=scsi
kern	debug	9.433708	Task(39)	 DEVICE=+scsi:7:0:0:0
kern	notice	9.435307	Task(39)	sd 7:0:0:0: [sda] Cache data unavailable
kern	notice	9.435307	Task(39)	 SUBSYSTEM=scsi
kern	notice	9.435307	Task(39)	 DEVICE=+scsi:7:0:0:0
kern	warn	9.436480	Task(39)	sd 7:0:0:0: [sda] Assuming drive cache: write through
kern	warn	9.436480	Task(39)	 SUBSYSTEM=scsi
kern	warn	9.436480	Task(39)	 DEVICE=+scsi:7:0:0:0
kern	info	9.436951	Task(185)	scsi host31: ahci
kern	info	9.436951	Task(185)	 SUBSYSTEM=scsi
kern	info	9.436951	Task(185)	 DEVICE=+scsi:host31
kern	info	9.441641	Task(185)	scsi host32: ahci
kern	info	9.441641	Task(185)	 SUBSYSTEM=scsi
kern	info	9.441641	Task(185)	 DEVICE=+scsi:host32
kern	info	9.443785	Task(185)	ata3: SATA max UDMA/133 abar m4096@0xfd5ee000 port 0xfd5ee100 irq 56 lpm-pol 0
kern	info	9.445670	Task(185)	ata4: SATA max UDMA/133 abar m4096@0xfd5ee000 port 0xfd5ee180 irq 56 lpm-pol 0
kern	info	9.447659	Task(185)	ata5: SATA max UDMA/133 abar m4096@0xfd5ee000 port 0xfd5ee200 irq 56 lpm-pol 0
kern	info	9.449563	Task(185)	ata6: SATA max UDMA/133 abar m4096@0xfd5ee000 port 0xfd5ee280 irq 56 lpm-pol 0
kern	info	9.451280	Task(185)	ata7: SATA max UDMA/133 abar m4096@0xfd5ee000 port 0xfd5ee300 irq 56 lpm-pol 0
kern	info	9.453011	Task(185)	ata8: SATA max UDMA/133 abar m4096@0xfd5ee000 port 0xfd5ee380 irq 56 lpm-pol 0
kern	info	9.454903	Task(185)	ata9: SATA max UDMA/133 abar m4096@0xfd5ee000 port 0xfd5ee400 irq 56 lpm-pol 0
kern	info	9.456703	Task(185)	ata10: SATA max UDMA/133 abar m4096@0xfd5ee000 port 0xfd5ee480 irq 56 lpm-pol 0
kern	info	9.458520	Task(185)	ata11: SATA max UDMA/133 abar m4096@0xfd5ee000 port 0xfd5ee500 irq 56 lpm-pol 0
kern	info	9.459072	Task(39)	 sda: sda1 sda2 sda3
kern	info	9.460574	Task(185)	ata12: SATA max UDMA/133 abar m4096@0xfd5ee000 port 0xfd5ee580 irq 56 lpm-pol 0
kern	info	9.463539	Task(185)	ata13: SATA max UDMA/133 abar m4096@0xfd5ee000 port 0xfd5ee600 irq 56 lpm-pol 0
kern	info	9.466067	Task(185)	ata14: SATA max UDMA/133 abar m4096@0xfd5ee000 port 0xfd5ee680 irq 56 lpm-pol 0
kern	notice	9.466682	Task(39)	sd 7:0:0:0: [sda] Attached SCSI disk
kern	notice	9.466682	Task(39)	 SUBSYSTEM=scsi
kern	notice	9.466682	Task(39)	 DEVICE=+scsi:7:0:0:0
kern	info	9.468919	Task(185)	ata15: SATA max UDMA/133 abar m4096@0xfd5ee000 port 0xfd5ee700 irq 56 lpm-pol 0
kern	info	9.471963	Task(185)	ata16: SATA max UDMA/133 abar m4096@0xfd5ee000 port 0xfd5ee780 irq 56 lpm-pol 0
kern	info	9.474593	Task(185)	ata17: SATA max UDMA/133 abar m4096@0xfd5ee000 port 0xfd5ee800 irq 56 lpm-pol 0
kern	info	9.476456	Task(185)	ata18: SATA max UDMA/133 abar m4096@0xfd5ee000 port 0xfd5ee880 irq 56 lpm-pol 0
kern	info	9.479327	Task(185)	ata19: SATA max UDMA/133 abar m4096@0xfd5ee000 port 0xfd5ee900 irq 56 lpm-pol 0
kern	info	9.482946	Task(185)	ata20: SATA max UDMA/133 abar m4096@0xfd5ee000 port 0xfd5ee980 irq 56 lpm-pol 0
kern	info	9.484657	Task(185)	ata21: SATA max UDMA/133 abar m4096@0xfd5ee000 port 0xfd5eea00 irq 56 lpm-pol 0
kern	info	9.486736	Task(185)	ata22: SATA max UDMA/133 abar m4096@0xfd5ee000 port 0xfd5eea80 irq 56 lpm-pol 0
kern	info	9.489852	Task(185)	ata23: SATA max UDMA/133 abar m4096@0xfd5ee000 port 0xfd5eeb00 irq 56 lpm-pol 0
kern	info	9.492219	Task(185)	ata24: SATA max UDMA/133 abar m4096@0xfd5ee000 port 0xfd5eeb80 irq 56 lpm-pol 0
kern	info	9.494114	Task(185)	ata25: SATA max UDMA/133 abar m4096@0xfd5ee000 port 0xfd5eec00 irq 56 lpm-pol 0
kern	info	9.496293	Task(185)	ata26: SATA max UDMA/133 abar m4096@0xfd5ee000 port 0xfd5eec80 irq 56 lpm-pol 0
kern	info	9.498262	Task(185)	ata27: SATA max UDMA/133 abar m4096@0xfd5ee000 port 0xfd5eed00 irq 56 lpm-pol 0
kern	info	9.500053	Task(185)	ata28: SATA max UDMA/133 abar m4096@0xfd5ee000 port 0xfd5eed80 irq 56 lpm-pol 0
kern	info	9.502120	Task(185)	ata29: SATA max UDMA/133 abar m4096@0xfd5ee000 port 0xfd5eee00 irq 56 lpm-pol 0
kern	info	9.504234	Task(185)	ata30: SATA max UDMA/133 abar m4096@0xfd5ee000 port 0xfd5eee80 irq 56 lpm-pol 0
kern	info	9.506466	Task(185)	ata31: SATA max UDMA/133 abar m4096@0xfd5ee000 port 0xfd5eef00 irq 56 lpm-pol 0
kern	info	9.508661	Task(185)	ata32: SATA max UDMA/133 abar m4096@0xfd5ee000 port 0xfd5eef80 irq 56 lpm-pol 0
kern	info	9.778909	Task(198)	e1000 0000:02:01.0 eth0: (PCI:66MHz:32-bit) 00:0c:29:2b:0e:37
kern	info	9.778909	Task(198)	 SUBSYSTEM=pci
kern	info	9.778909	Task(198)	 DEVICE=+pci:0000:02:01.0
kern	info	9.780354	Task(198)	e1000 0000:02:01.0 eth0: Intel(R) PRO/1000 Network Connection
kern	info	9.780354	Task(198)	 SUBSYSTEM=pci
kern	info	9.780354	Task(198)	 DEVICE=+pci:0000:02:01.0
kern	info	9.826591	Task(229)	ata7: SATA link down (SStatus 0 SControl 300)
kern	info	9.828246	Task(239)	ata11: SATA link down (SStatus 0 SControl 300)
kern	info	9.830328	Task(227)	ata6: SATA link down (SStatus 0 SControl 300)
kern	info	9.832508	Task(235)	ata9: SATA link down (SStatus 0 SControl 300)
kern	info	9.834071	Task(220)	ata4: SATA link up 6.0 Gbps (SStatus 133 SControl 300)
kern	info	9.835741	Task(205)	ata3: SATA link down (SStatus 0 SControl 300)
kern	info	9.837374	Task(237)	ata10: SATA link down (SStatus 0 SControl 300)
kern	info	9.839262	Task(241)	ata12: SATA link down (SStatus 0 SControl 300)
kern	info	9.841451	Task(243)	ata13: SATA link down (SStatus 0 SControl 300)
kern	info	9.843216	Task(259)	ata21: SATA link down (SStatus 0 SControl 300)
kern	info	9.844958	Task(263)	ata23: SATA link down (SStatus 0 SControl 300)
kern	info	9.846602	Task(245)	ata14: SATA link down (SStatus 0 SControl 300)
kern	info	9.848042	Task(220)	ata4.00: ATAPI: VMware Virtual SATA CDRW Drive, 00000001, max UDMA/33
kern	info	9.850227	Task(249)	ata16: SATA link down (SStatus 0 SControl 300)
kern	info	9.851745	Task(273)	ata28: SATA link down (SStatus 0 SControl 300)
kern	info	9.853797	Task(261)	ata22: SATA link down (SStatus 0 SControl 300)
kern	info	9.855463	Task(233)	ata8: SATA link down (SStatus 0 SControl 300)
kern	info	9.857140	Task(271)	ata27: SATA link down (SStatus 0 SControl 300)
kern	info	9.858562	Task(251)	ata17: SATA link down (SStatus 0 SControl 300)
kern	info	9.860301	Task(281)	ata32: SATA link down (SStatus 0 SControl 300)
kern	info	9.861772	Task(267)	ata25: SATA link down (SStatus 0 SControl 300)
kern	info	9.863344	Task(279)	ata31: SATA link down (SStatus 0 SControl 300)
kern	info	9.865205	Task(247)	ata15: SATA link down (SStatus 0 SControl 300)
kern	info	9.866737	Task(255)	ata19: SATA link down (SStatus 0 SControl 300)
kern	info	9.868462	Task(225)	ata5: SATA link down (SStatus 0 SControl 300)
kern	info	9.869846	Task(277)	ata30: SATA link down (SStatus 0 SControl 300)
kern	info	9.871127	Task(257)	ata20: SATA link down (SStatus 0 SControl 300)
kern	info	9.872728	Task(253)	ata18: SATA link down (SStatus 0 SControl 300)
kern	info	9.874245	Task(275)	ata29: SATA link down (SStatus 0 SControl 300)
kern	info	9.875906	Task(269)	ata26: SATA link down (SStatus 0 SControl 300)
kern	info	9.877873	Task(265)	ata24: SATA link down (SStatus 0 SControl 300)
kern	info	9.879239	Task(220)	ata4.00: configured for UDMA/33
kern	notice	9.881456	Task(107)	scsi 3:0:0:0: CD-ROM            NECVMWar VMware SATA CD01 1.00 PQ: 0 ANSI: 5
kern	notice	9.881456	Task(107)	 SUBSYSTEM=scsi
kern	notice	9.881456	Task(107)	 DEVICE=+scsi:3:0:0:0
kern	info	9.886483	Task(107)	sr 3:0:0:0: [sr0] scsi3-mmc drive: 1x/1x writer dvd-ram cd/rw xa/form2 cdda tray
kern	info	9.886483	Task(107)	 SUBSYSTEM=scsi
kern	info	9.886483	Task(107)	 DEVICE=+scsi:3:0:0:0
kern	info	9.888104	Task(107)	cdrom: Uniform CD-ROM driver Revision: 3.20
kern	debug	9.913413	Task(107)	sr 3:0:0:0: Attached scsi CD-ROM sr0
kern	debug	9.913413	Task(107)	 SUBSYSTEM=scsi
kern	debug	9.913413	Task(107)	 DEVICE=+scsi:3:0:0:0
kern	notice	9.914681	Task(107)	sr 3:0:0:0: Attached scsi generic sg1 type 5
kern	notice	9.914681	Task(107)	 SUBSYSTEM=scsi
kern	notice	9.914681	Task(107)	 DEVICE=+scsi:3:0:0:0
kern	info	9.938555	Task(182)	e1000 0000:02:01.0 ens33: renamed from eth0
kern	info	9.938555	Task(182)	 SUBSYSTEM=pci
kern	info	9.938555	Task(182)	 DEVICE=+pci:0000:02:01.0
kern	info	141.476282	Task(362)	raid6: avx2x4   gen() 11613 MB/s
kern	info	141.493538	Task(362)	raid6: avx2x2   gen() 10923 MB/s
kern	info	141.511012	Task(362)	raid6: avx2x1   gen()  9648 MB/s
kern	info	141.512537	Task(362)	raid6: using algorithm avx2x4 gen() 11613 MB/s
kern	info	141.530728	Task(362)	raid6: .... xor() 2107 MB/s, rmw enabled
kern	info	141.531655	Task(362)	raid6: using avx2x2 recovery algorithm
kern	info	141.536485	Task(362)	xor: automatically using best checksumming function   avx       
kern	info	141.540627	Task(362)	async_tx: api initialized (async)
kern	info	142.124159	Task(385)	Btrfs loaded, zoned=yes, fsverity=yes
kern	info	142.477223	Task(402)	EXT4-fs (dm-0): mounted filesystem 0fcbd22f-ca17-481b-bdfa-0b5c4be2ecb0 ro with ordered data mode. Quota mode: none.
daemon	info	142.901118	Task(1)	systemd[1]: Inserted module 'autofs4'
daemon	info	143.000586	Task(1)	systemd[1]: systemd 255.4-1ubuntu8.10 running in system mode (+PAM +AUDIT +SELINUX +APPARMOR +IMA +SMACK +SECCOMP +GCRYPT -GNUTLS +OPENSSL +ACL +BLKID +CURL +ELFUTILS +FIDO2 +IDN2 -IDN +IPTC +KMOD +LIBCRYPTSETUP +LIBFDISK +PCRE2 -PWQUALITY +P11KIT +QRENCODE +TPM2 +BZIP2 +LZ4 +XZ +ZLIB +ZSTD -BPF_FRAMEWORK -XKBCOMMON +UTMP +SYSVINIT default-hierarchy=unified)
daemon	info	143.006838	Task(1)	systemd[1]: Detected virtualization vmware.
daemon	info	143.007971	Task(1)	systemd[1]: Detected architecture x86-64.
daemon	info	143.015811	Task(1)	systemd[1]: Hostname set to <moon>.
daemon	info	143.494625	Task(1)	systemd[1]: Queued start job for default target graphical.target.
daemon	info	143.538323	Task(1)	systemd[1]: Created slice system-modprobe.slice - Slice /system/modprobe.
daemon	info	143.544273	Task(1)	systemd[1]: Created slice system-systemd\x2dfsck.slice - Slice /system/systemd-fsck.
daemon	info	143.549947	Task(1)	systemd[1]: Created slice user.slice - User and Session Slice.
daemon	info	143.553258	Task(1)	systemd[1]: Started systemd-ask-password-wall.path - Forward Password Requests to Wall Directory Watch.
daemon	info	143.559482	Task(1)	systemd[1]: Set up automount proc-sys-fs-binfmt_misc.automount - Arbitrary Executable File Formats File System Automount Point.
daemon	info	143.564672	Task(1)	systemd[1]: Expecting device dev-disk-by\x2duuid-72ed1d36\x2da2d5\x2d41c5\x2dba94\x2d1405d31cb708.device - /dev/disk/by-uuid/72ed1d36-a2d5-41c5-ba94-1405d31cb708...
daemon	info	143.570282	Task(1)	systemd[1]: Reached target integritysetup.target - Local Integrity Protected Volumes.
daemon	info	143.575321	Task(1)	systemd[1]: Reached target slices.target - Slice Units.
daemon	info	143.578791	Task(1)	systemd[1]: Reached target snapd.mounts-pre.target - Mounting snaps.
daemon	info	143.582792	Task(1)	systemd[1]: Reached target snapd.mounts.target - Mounted snaps.
daemon	info	143.587304	Task(1)	systemd[1]: Reached target veritysetup.target - Local Verity Protected Volumes.
daemon	info	143.592041	Task(1)	systemd[1]: Listening on dm-event.socket - Device-mapper event daemon FIFOs.
daemon	info	143.596928	Task(1)	systemd[1]: Listening on lvm2-lvmpolld.socket - LVM2 poll daemon socket.
daemon	info	143.600860	Task(1)	systemd[1]: Listening on multipathd.socket - multipathd control socket.
daemon	info	143.605177	Task(1)	systemd[1]: Listening on syslog.socket - Syslog Socket.
daemon	info	143.608580	Task(1)	systemd[1]: Listening on systemd-fsckd.socket - fsck to fsckd communication Socket.
daemon	info	143.613311	Task(1)	systemd[1]: Listening on systemd-initctl.socket - initctl Compatibility Named Pipe.
daemon	info	143.619655	Task(1)	systemd[1]: Listening on systemd-journald-dev-log.socket - Journal Socket (/dev/log).
daemon	info	143.626634	Task(1)	systemd[1]: Listening on systemd-journald.socket - Journal Socket.
daemon	info	143.631371	Task(1)	systemd[1]: Listening on systemd-networkd.socket - Network Service Netlink Socket.
daemon	info	143.636202	Task(1)	systemd[1]: systemd-pcrextend.socket - TPM2 PCR Extension (Varlink) was skipped because of an unmet condition check (ConditionSecurity=measured-uki).
daemon	info	143.640194	Task(1)	systemd[1]: Listening on systemd-udevd-control.socket - udev Control Socket.
daemon	info	143.644741	Task(1)	systemd[1]: Listening on systemd-udevd-kernel.socket - udev Kernel Socket.
daemon	info	143.665555	Task(1)	systemd[1]: Mounting dev-hugepages.mount - Huge Pages File System...
daemon	info	143.673420	Task(1)	systemd[1]: Mounting dev-mqueue.mount - POSIX Message Queue File System...
daemon	info	143.681110	Task(1)	systemd[1]: Mounting sys-kernel-debug.mount - Kernel Debug File System...
daemon	info	143.687785	Task(1)	systemd[1]: Mounting sys-kernel-tracing.mount - Kernel Trace File System...
daemon	info	143.699386	Task(1)	systemd[1]: Starting systemd-journald.service - Journal Service...
daemon	info	143.707484	Task(1)	systemd[1]: Starting keyboard-setup.service - Set the console keyboard layout...
daemon	info	143.716254	Task(1)	systemd[1]: Starting kmod-static-nodes.service - Create List of Static Device Nodes...
daemon	info	143.726941	Task(1)	systemd[1]: Starting lvm2-monitor.service - Monitoring of LVM2 mirrors, snapshots etc. using dmeventd or progress polling...
daemon	info	143.747762	Task(1)	systemd[1]: Starting modprobe@configfs.service - Load Kernel Module configfs...
syslog	info	143.761531	Task(471)	systemd-journald[471]: Collecting audit messages is disabled.
daemon	info	143.771855	Task(1)	systemd[1]: Starting modprobe@dm_mod.service - Load Kernel Module dm_mod...
daemon	info	143.796680	Task(1)	systemd[1]: Starting modprobe@drm.service - Load Kernel Module drm...
daemon	info	143.805972	Task(1)	systemd[1]: Starting modprobe@efi_pstore.service - Load Kernel Module efi_pstore...
daemon	info	143.823831	Task(1)	systemd[1]: Starting modprobe@fuse.service - Load Kernel Module fuse...
daemon	info	143.846042	Task(1)	systemd[1]: Starting modprobe@loop.service - Load Kernel Module loop...
daemon	info	143.850940	Task(1)	systemd[1]: netplan-ovs-cleanup.service - OpenVSwitch configuration for cleanup was skipped because of an unmet condition check (ConditionFileIsExecutable=/usr/bin/ovs-vsctl).
daemon	info	143.855795	Task(1)	systemd[1]: systemd-fsck-root.service - File System Check on Root Device was skipped because of an unmet condition check (ConditionPathExists=!/run/initramfs/fsck-root).
daemon	info	143.874953	Task(1)	systemd[1]: Starting systemd-modules-load.service - Load Kernel Modules...
daemon	info	143.883810	Task(1)	systemd[1]: systemd-pcrmachine.service - TPM2 PCR Machine ID Measurement was skipped because of an unmet condition check (ConditionSecurity=measured-uki).
daemon	info	143.902895	Task(1)	systemd[1]: Starting systemd-remount-fs.service - Remount Root and Kernel File Systems...
daemon	info	143.906803	Task(1)	systemd[1]: systemd-tpm2-setup-early.service - TPM2 SRK Setup (Early) was skipped because of an unmet condition check (ConditionSecurity=measured-uki).
daemon	info	143.923746	Task(1)	systemd[1]: Starting systemd-udev-trigger.service - Coldplug All udev Devices...
daemon	info	143.936867	Task(1)	systemd[1]: Mounted dev-hugepages.mount - Huge Pages File System.
daemon	info	143.946602	Task(1)	systemd[1]: Mounted dev-mqueue.mount - POSIX Message Queue File System.
daemon	info	143.950935	Task(1)	systemd[1]: Mounted sys-kernel-debug.mount - Kernel Debug File System.
daemon	info	143.954890	Task(1)	systemd[1]: Mounted sys-kernel-tracing.mount - Kernel Trace File System.
daemon	info	143.962551	Task(1)	systemd[1]: Finished keyboard-setup.service - Set the console keyboard layout.
kern	info	143.963622	Task(494)	EXT4-fs (dm-0): re-mounted 0fcbd22f-ca17-481b-bdfa-0b5c4be2ecb0 r/w. Quota mode: none.
daemon	info	143.972122	Task(1)	systemd[1]: Finished kmod-static-nodes.service - Create List of Static Device Nodes.
daemon	info	143.978034	Task(1)	systemd[1]: Finished lvm2-monitor.service - Monitoring of LVM2 mirrors, snapshots etc. using dmeventd or progress polling.
daemon	info	143.984120	Task(1)	systemd[1]: modprobe@configfs.service: Deactivated successfully.
daemon	info	143.986926	Task(1)	systemd[1]: Finished modprobe@configfs.service - Load Kernel Module configfs.
daemon	info	143.993109	Task(1)	systemd[1]: modprobe@dm_mod.service: Deactivated successfully.
daemon	info	143.995242	Task(1)	systemd[1]: Finished modprobe@dm_mod.service - Load Kernel Module dm_mod.
daemon	info	143.999462	Task(1)	systemd[1]: modprobe@drm.service: Deactivated successfully.
daemon	info	144.001216	Task(1)	systemd[1]: Finished modprobe@drm.service - Load Kernel Module drm.
daemon	info	144.007002	Task(1)	systemd[1]: modprobe@efi_pstore.service: Deactivated successfully.
daemon	info	144.009080	Task(1)	systemd[1]: Finished modprobe@efi_pstore.service - Load Kernel Module efi_pstore.
daemon	info	144.014062	Task(1)	systemd[1]: modprobe@fuse.service: Deactivated successfully.
daemon	info	144.016143	Task(1)	systemd[1]: Finished modprobe@fuse.service - Load Kernel Module fuse.
daemon	info	144.020871	Task(1)	systemd[1]: modprobe@loop.service: Deactivated successfully.
daemon	info	144.022853	Task(1)	systemd[1]: Finished modprobe@loop.service - Load Kernel Module loop.
daemon	info	144.027353	Task(1)	systemd[1]: Finished systemd-modules-load.service - Load Kernel Modules.
daemon	info	144.032217	Task(1)	systemd[1]: Finished systemd-remount-fs.service - Remount Root and Kernel File Systems.
daemon	info	144.049819	Task(1)	systemd[1]: Activating swap swap.img.swap - /swap.img...
daemon	info	144.057809	Task(1)	systemd[1]: Mounting sys-fs-fuse-connections.mount - FUSE Control File System...
daemon	info	144.065051	Task(1)	systemd[1]: Mounting sys-kernel-config.mount - Kernel Configuration File System...
daemon	info	144.072579	Task(1)	systemd[1]: Starting multipathd.service - Device-Mapper Multipath Device Controller...
daemon	info	144.086118	Task(1)	systemd[1]: systemd-hwdb-update.service - Rebuild Hardware Database was skipped because of an unmet condition check (ConditionNeedsUpdate=/etc).
kern	info	144.089823	Task(498)	Adding 3960828k swap on /swap.img.  Priority:-2 extents:3 across:4231164k 
daemon	info	144.091989	Task(1)	systemd[1]: systemd-pstore.service - Platform Persistent Storage Archival was skipped because of an unmet condition check (ConditionDirectoryNotEmpty=/sys/fs/pstore).
daemon	info	144.112011	Task(1)	systemd[1]: Starting systemd-random-seed.service - Load/Save OS Random Seed...
daemon	info	144.117367	Task(1)	systemd[1]: systemd-repart.service - Repartition Root Disk was skipped because no trigger condition checks were met.
daemon	info	144.123680	Task(1)	systemd[1]: Starting systemd-sysctl.service - Apply Kernel Variables...
daemon	info	144.146049	Task(1)	systemd[1]: Starting systemd-tmpfiles-setup-dev-early.service - Create Static Device Nodes in /dev gracefully...
daemon	info	144.154040	Task(1)	systemd[1]: systemd-tpm2-setup.service - TPM2 SRK Setup was skipped because of an unmet condition check (ConditionSecurity=measured-uki).
daemon	info	144.157062	Task(1)	systemd[1]: Activated swap swap.img.swap - /swap.img.
daemon	info	144.161978	Task(1)	systemd[1]: Started systemd-journald.service - Journal Service.
syslog	info	144.265993	Task(471)	systemd-journald[471]: Received client request to flush runtime journal.
syslog	info	144.311269	Task(471)	systemd-journald[471]: /var/log/journal/5ea50f96896348a18ad483f71514c9a2/system.journal: Journal file uses a different sequence number ID, rotating.
syslog	info	144.311285	Task(471)	systemd-journald[471]: Rotating system journal.
kern	info	145.536876	Task(633)	EXT4-fs (sda2): mounted filesystem 72ed1d36-a2d5-41c5-ba94-1405d31cb708 r/w with ordered data mode. Quota mode: none.
kern	notice	145.763661	Task(45)	audit: type=1400 audit(1763571663.074:2): apparmor="STATUS" operation="profile_load" profile="unconfined" name="QtWebEngineProcess" pid=662 comm="apparmor_parser"
kern	notice	145.767293	Task(45)	audit: type=1400 audit(1763571663.076:3): apparmor="STATUS" operation="profile_load" profile="unconfined" name="1password" pid=659 comm="apparmor_parser"
kern	notice	145.767944	Task(45)	audit: type=1400 audit(1763571663.078:4): apparmor="STATUS" operation="profile_load" profile="unconfined" name="Discord" pid=660 comm="apparmor_parser"
kern	notice	145.773289	Task(45)	audit: type=1400 audit(1763571663.082:5): apparmor="STATUS" operation="profile_load" profile="unconfined" name=4D6F6E676F444220436F6D70617373 pid=661 comm="apparmor_parser"
kern	notice	145.773313	Task(45)	audit: type=1400 audit(1763571663.082:6): apparmor="STATUS" operation="profile_load" profile="unconfined" name="balena-etcher" pid=665 comm="apparmor_parser"
kern	notice	145.776666	Task(45)	audit: type=1400 audit(1763571663.087:7): apparmor="STATUS" operation="profile_load" profile="unconfined" name="buildah" pid=668 comm="apparmor_parser"
kern	notice	145.780714	Task(45)	audit: type=1400 audit(1763571663.091:8): apparmor="STATUS" operation="profile_load" profile="unconfined" name="brave" pid=667 comm="apparmor_parser"
kern	notice	145.788549	Task(45)	audit: type=1400 audit(1763571663.099:9): apparmor="STATUS" operation="profile_load" profile="unconfined" name="cam" pid=670 comm="apparmor_parser"
kern	notice	145.788760	Task(45)	audit: type=1400 audit(1763571663.099:10): apparmor="STATUS" operation="profile_load" profile="unconfined" name="ch-run" pid=672 comm="apparmor_parser"
kern	notice	145.795265	Task(45)	audit: type=1400 audit(1763571663.105:11): apparmor="STATUS" operation="profile_load" profile="unconfined" name="chrome" pid=673 comm="apparmor_parser"
kern	info	146.508238	Task(550)	vmw_vmci 0000:00:07.7: MMIO register access is available
kern	info	146.508238	Task(550)	 SUBSYSTEM=pci
kern	info	146.508238	Task(550)	 DEVICE=+pci:0000:00:07.7
kern	info	146.508560	Task(550)	vmw_vmci 0000:00:07.7: Using capabilities 0x3c
kern	info	146.508560	Task(550)	 SUBSYSTEM=pci
kern	info	146.508560	Task(550)	 DEVICE=+pci:0000:00:07.7
kern	notice	146.524865	Task(714)	cfg80211: Loading compiled-in X.509 certificates for regulatory database
kern	notice	146.526575	Task(714)	Loaded X.509 cert 'sforshee: 00b28ddf47aef9cea7'
kern	notice	146.527025	Task(714)	Loaded X.509 cert 'wens: 61c038651aabdcf94bd0ac7ff06c7248db18c600'
kern	info	146.598030	Task(55)	e1000: ens33 NIC Link is Up 1000 Mbps Full Duplex, Flow Control: None
kern	info	146.630975	Task(550)	Guest personality initialized and is active
kern	info	146.640066	Task(550)	VMCI host device registered (name=vmci, major=10, minor=122)
kern	info	146.640078	Task(550)	Initialized host personality
kern	info	146.677683	Task(559)	vmwgfx 0000:00:0f.0: vgaarb: deactivate vga console
kern	info	146.677683	Task(559)	 SUBSYSTEM=pci
kern	info	146.677683	Task(559)	 DEVICE=+pci:0000:00:0f.0
kern	info	146.684922	Task(559)	Console: switching to colour dummy device 80x25
kern	info	146.698892	Task(559)	vmwgfx 0000:00:0f.0: [drm] FIFO at 0x00000000fe000000 size is 8192 kiB
kern	info	146.698892	Task(559)	 SUBSYSTEM=pci
kern	info	146.698892	Task(559)	 DEVICE=+pci:0000:00:0f.0
kern	info	146.699504	Task(559)	vmwgfx 0000:00:0f.0: [drm] VRAM at 0x00000000e8000000 size is 131072 kiB
kern	info	146.699504	Task(559)	 SUBSYSTEM=pci
kern	info	146.699504	Task(559)	 DEVICE=+pci:0000:00:0f.0
kern	info	146.699658	Task(559)	vmwgfx 0000:00:0f.0: [drm] Running on SVGA version 2.
kern	info	146.699658	Task(559)	 SUBSYSTEM=pci
kern	info	146.699658	Task(559)	 DEVICE=+pci:0000:00:0f.0
kern	info	146.699750	Task(559)	vmwgfx 0000:00:0f.0: [drm] Capabilities: rect copy, cursor, cursor bypass, cursor bypass 2, 8bit emulation, alpha cursor, 3D, extended fifo, multimon, pitchlock, irq mask, display topology, gmr, traces, gmr2, screen object 2, command buffers, command buffers 2, gbobject, dx, hp cmd queue, no bb restriction, cap2 register, 
kern	info	146.699750	Task(559)	 SUBSYSTEM=pci
kern	info	146.699750	Task(559)	 DEVICE=+pci:0000:00:0f.0
kern	info	146.699797	Task(559)	vmwgfx 0000:00:0f.0: [drm] Capabilities2: grow otable, intra surface copy, dx2, gb memsize 2, screendma reg, otable ptdepth2, non ms to ms stretchblt, cursor mob, mshint, cb max size 4mb, dx3, frame type, trace full fb, extra regs, lo staging, 
kern	info	146.699797	Task(559)	 SUBSYSTEM=pci
kern	info	146.699797	Task(559)	 DEVICE=+pci:0000:00:0f.0
kern	info	146.699802	Task(559)	vmwgfx 0000:00:0f.0: [drm] DMA map mode: Caching DMA mappings.
kern	info	146.699802	Task(559)	 SUBSYSTEM=pci
kern	info	146.699802	Task(559)	 DEVICE=+pci:0000:00:0f.0
kern	info	146.700841	Task(559)	vmwgfx 0000:00:0f.0: [drm] Legacy memory limits: VRAM = 4096 kB, FIFO = 256 kB, surface = 0 kB
kern	info	146.700841	Task(559)	 SUBSYSTEM=pci
kern	info	146.700841	Task(559)	 DEVICE=+pci:0000:00:0f.0
kern	info	146.700847	Task(559)	vmwgfx 0000:00:0f.0: [drm] MOB limits: max mob size = 1048576 kB, max mob pages = 2097152
kern	info	146.700847	Task(559)	 SUBSYSTEM=pci
kern	info	146.700847	Task(559)	 DEVICE=+pci:0000:00:0f.0
kern	info	146.700850	Task(559)	vmwgfx 0000:00:0f.0: [drm] Max GMR ids is 64
kern	info	146.700850	Task(559)	 SUBSYSTEM=pci
kern	info	146.700850	Task(559)	 DEVICE=+pci:0000:00:0f.0
kern	info	146.700852	Task(559)	vmwgfx 0000:00:0f.0: [drm] Max number of GMR pages is 65536
kern	info	146.700852	Task(559)	 SUBSYSTEM=pci
kern	info	146.700852	Task(559)	 DEVICE=+pci:0000:00:0f.0
kern	info	146.700854	Task(559)	vmwgfx 0000:00:0f.0: [drm] Maximum display memory size is 262144 kiB
kern	info	146.700854	Task(559)	 SUBSYSTEM=pci
kern	info	146.700854	Task(559)	 DEVICE=+pci:0000:00:0f.0
kern	err	146.707887	Task(566)	piix4_smbus 0000:00:07.3: SMBus Host Controller not enabled!
kern	err	146.707887	Task(566)	 SUBSYSTEM=pci
kern	err	146.707887	Task(566)	 DEVICE=+pci:0000:00:07.3
kern	info	146.719726	Task(559)	vmwgfx 0000:00:0f.0: [drm] Screen Target display unit initialized
kern	info	146.719726	Task(559)	 SUBSYSTEM=pci
kern	info	146.719726	Task(559)	 DEVICE=+pci:0000:00:0f.0
kern	emerg	170.741733	CPU(3)	watchdog: BUG: soft lockup - CPU#3 stuck for 27s! [(udev-worker):594]
kern	warn	170.741753	CPU(3)	Modules linked in: soundcore i2c_piix4 vmwgfx(+) drm_ttm_helper ttm vmw_vmci cfg80211 binfmt_misc input_leds joydev mac_hid serio_raw sch_fq_codel dm_multipath msr efi_pstore nfnetlink dmi_sysfs ip_tables x_tables autofs4 btrfs blake2b_generic raid10 raid456 async_raid6_recov async_memcpy async_pq async_xor async_tx xor raid6_pq libcrc32c raid1 raid0 crct10dif_pclmul hid_generic crc32_pclmul polyval_clmulni polyval_generic ghash_clmulni_intel sha256_ssse3 sha1_ssse3 usbhid psmouse hid ahci e1000 mptspi mptscsih mptbase libahci scsi_transport_spi pata_acpi aesni_intel crypto_simd cryptd
kern	warn	170.741921	CPU(3)	CPU: 3 PID: 594 Comm: (udev-worker) Not tainted 6.8.0-87-generic #88-Ubuntu
kern	warn	170.741926	CPU(3)	Hardware name: VMware, Inc. VMware Virtual Platform/440BX Desktop Reference Platform, BIOS 6.00 11/12/2020
kern	warn	170.741930	CPU(3)	RIP: 0010:smp_call_function_many_cond+0x146/0x580
kern	warn	170.741947	CPU(3)	Code: 63 e0 49 8b 1f 49 81 fc 00 20 00 00 0f 83 fc 03 00 00 4a 03 1c e5 a0 2d 54 95 8b 53 08 48 89 de 83 e2 01 74 0a f3 90 8b 4e 08 <83> e1 01 75 f6 83 c0 01 eb b1 48 83 c4 48 5b 41 5c 41 5d 41 5e 41
kern	warn	170.741951	CPU(3)	RSP: 0018:ffffceb140eef928 EFLAGS: 00000202
kern	warn	170.741954	CPU(3)	RAX: 0000000000000002 RBX: ffff8e7ad573dc40 RCX: 0000000000000011
kern	warn	170.741956	CPU(3)	RDX: 0000000000000001 RSI: ffff8e7ad573dc40 RDI: 0000000000000000
kern	warn	170.741958	CPU(3)	RBP: ffffceb140eef998 R08: 0000000000000000 R09: 0000000000000000
kern	warn	170.741960	CPU(3)	R10: 0000000000000000 R11: 0000000000000000 R12: 0000000000000002
kern	warn	170.741962	CPU(3)	R13: 0000000000000001 R14: 0000000000000003 R15: ffff8e7ad57b5d00
kern	warn	170.741965	CPU(3)	FS:  00007a17dd4978c0(0000) GS:ffff8e7ad5780000(0000) knlGS:0000000000000000
kern	warn	170.741968	CPU(3)	CS:  0010 DS: 0000 ES: 0000 CR0: 0000000080050033
kern	warn	170.741970	CPU(3)	CR2: 00007ffd96611ff0 CR3: 0000000106c7a000 CR4: 0000000000350ef0
kern	warn	170.741975	CPU(3)	Call Trace:
kern	warn	170.741979	CPU(3)	 <TASK>
kern	warn	170.741990	CPU(3)	 ? __pfx_do_flush_tlb_all+0x10/0x10
kern	warn	170.742000	CPU(3)	 on_each_cpu_cond_mask+0x24/0x60
kern	warn	170.742003	CPU(3)	 flush_tlb_kernel_range+0x41/0xd0
kern	warn	170.742007	CPU(3)	 __purge_vmap_area_lazy+0xcf/0x7b0
kern	warn	170.742016	CPU(3)	 ? srso_alias_return_thunk+0x5/0xfbef5
kern	warn	170.742026	CPU(3)	 ? xa_find+0x8d/0x100
kern	warn	170.742067	CPU(3)	 _vm_unmap_aliases+0x1fa/0x270
kern	warn	170.742075	CPU(3)	 vm_unmap_aliases+0x19/0x30
kern	warn	170.742103	CPU(3)	 change_page_attr_set_clr+0xba/0x1b0
kern	warn	170.742114	CPU(3)	 set_memory_ro+0x29/0x40
kern	warn	170.742117	CPU(3)	 module_enable_ro+0x6b/0x140
kern	warn	170.742158	CPU(3)	 load_module+0x999/0xcf0
kern	warn	170.742170	CPU(3)	 init_module_from_file+0x96/0x100
kern	warn	170.742173	CPU(3)	 ? srso_alias_return_thunk+0x5/0xfbef5
kern	warn	170.742177	CPU(3)	 ? init_module_from_file+0x96/0x100
kern	warn	170.742183	CPU(3)	 idempotent_init_module+0x11c/0x310
kern	warn	170.742189	CPU(3)	 __x64_sys_finit_module+0x64/0xd0
kern	warn	170.742192	CPU(3)	 x64_sys_call+0x2019/0x25a0
kern	warn	170.742199	CPU(3)	 do_syscall_64+0x7f/0x180
kern	warn	170.742211	CPU(3)	 ? srso_alias_return_thunk+0x5/0xfbef5
kern	warn	170.742215	CPU(3)	 ? do_syscall_64+0x8c/0x180
kern	warn	170.742218	CPU(3)	 ? arch_exit_to_user_mode_prepare.isra.0+0x1a/0xe0
kern	warn	170.742221	CPU(3)	 ? srso_alias_return_thunk+0x5/0xfbef5
kern	warn	170.742225	CPU(3)	 ? syscall_exit_to_user_mode+0x43/0x1e0
kern	warn	170.742233	CPU(3)	 ? srso_alias_return_thunk+0x5/0xfbef5
kern	warn	170.742237	CPU(3)	 ? do_syscall_64+0x8c/0x180
kern	warn	170.742240	CPU(3)	 ? srso_alias_return_thunk+0x5/0xfbef5
kern	warn	170.742243	CPU(3)	 ? do_syscall_64+0x8c/0x180
kern	warn	170.742246	CPU(3)	 ? srso_alias_return_thunk+0x5/0xfbef5
kern	warn	170.742249	CPU(3)	 ? irqentry_exit_to_user_mode+0x38/0x1e0
kern	warn	170.742253	CPU(3)	 ? srso_alias_return_thunk+0x5/0xfbef5
kern	warn	170.742256	CPU(3)	 ? irqentry_exit+0x43/0x50
kern	warn	170.742258	CPU(3)	 ? srso_alias_return_thunk+0x5/0xfbef5
kern	warn	170.742261	CPU(3)	 ? exc_page_fault+0x94/0x1b0
kern	warn	170.742265	CPU(3)	 entry_SYSCALL_64_after_hwframe+0x78/0x80
kern	warn	170.742268	CPU(3)	RIP: 0033:0x7a17dd32728d
kern	warn	170.742296	CPU(3)	Code: ff c3 66 2e 0f 1f 84 00 00 00 00 00 90 f3 0f 1e fa 48 89 f8 48 89 f7 48 89 d6 48 89 ca 4d 89 c2 4d 89 c8 4c 8b 4c 24 08 0f 05 <48> 3d 01 f0 ff ff 73 01 c3 48 8b 0d 5b bb 0d 00 f7 d8 64 89 01 48
kern	warn	170.742299	CPU(3)	RSP: 002b:00007ffcd61b51f8 EFLAGS: 00000246 ORIG_RAX: 0000000000000139
kern	warn	170.742303	CPU(3)	RAX: ffffffffffffffda RBX: 0000601ed49e1da0 RCX: 00007a17dd32728d
kern	warn	170.742305	CPU(3)	RDX: 0000000000000004 RSI: 00007a17dd5da07d RDI: 000000000000002a
kern	warn	170.742307	CPU(3)	RBP: 00007ffcd61b52b0 R08: 0000000000000040 R09: 00007ffcd61b5240
kern	warn	170.742310	CPU(3)	R10: 00007a17dd403b20 R11: 0000000000000246 R12: 00007a17dd5da07d
kern	warn	170.742314	CPU(3)	R13: 0000000000020000 R14: 0000601ed49e1d50 R15: 0000601ed49e4b30
kern	warn	170.742320	CPU(3)	 </TASK>
kern	info	190.627365	CPU(3)	perf: interrupt took too long (2995 > 2500), lowering kernel.perf_event_max_sample_rate to 66000
kern	emerg	192.243516	CPU(0)	watchdog: BUG: soft lockup - CPU#0 stuck for 43s! [VGAuthService:777]
kern	warn	192.243542	CPU(0)	Modules linked in: soundcore i2c_piix4 vmwgfx(+) drm_ttm_helper ttm vmw_vmci cfg80211 binfmt_misc input_leds joydev mac_hid serio_raw sch_fq_codel dm_multipath msr efi_pstore nfnetlink dmi_sysfs ip_tables x_tables autofs4 btrfs blake2b_generic raid10 raid456 async_raid6_recov async_memcpy async_pq async_xor async_tx xor raid6_pq libcrc32c raid1 raid0 crct10dif_pclmul hid_generic crc32_pclmul polyval_clmulni polyval_generic ghash_clmulni_intel sha256_ssse3 sha1_ssse3 usbhid psmouse hid ahci e1000 mptspi mptscsih mptbase libahci scsi_transport_spi pata_acpi aesni_intel crypto_simd cryptd
kern	warn	192.243646	CPU(0)	CPU: 0 PID: 777 Comm: VGAuthService Tainted: G             L     6.8.0-87-generic #88-Ubuntu
kern	warn	192.243651	CPU(0)	Hardware name: VMware, Inc. VMware Virtual Platform/440BX Desktop Reference Platform, BIOS 6.00 11/12/2020
kern	warn	192.243654	CPU(0)	RIP: 0010:clear_page_erms+0x7/0x10
kern	warn	192.243670	CPU(0)	Code: 48 89 47 38 48 8d 7f 40 75 d9 90 e9 ce 94 33 00 0f 1f 00 90 90 90 90 90 90 90 90 90 90 90 90 90 90 90 90 b9 00 10 00 00 31 c0 <f3> aa e9 ad 94 33 00 66 90 90 90 90 90 90 90 90 90 90 90 90 90 90
kern	warn	192.243673	CPU(0)	RSP: 0000:ffffceb140fbf8f8 EFLAGS: 00000246
kern	warn	192.243677	CPU(0)	RAX: 0000000000000000 RBX: 0000000000000001 RCX: 0000000000001000
kern	warn	192.243680	CPU(0)	RDX: fffff39d044b8bc0 RSI: fffff39d044b8b80 RDI: ffff8e7a12e2e000
kern	warn	192.243681	CPU(0)	RBP: ffffceb140fbf928 R08: 0000000000000000 R09: 0000000000000000
kern	warn	192.243683	CPU(0)	R10: 0000000000000000 R11: 0000000000000000 R12: 0000000000000040
kern	warn	192.243686	CPU(0)	R13: 0000000000000000 R14: fffff39d044b8b80 R15: 0000000000000001
kern	warn	192.243688	CPU(0)	FS:  00007e67c0b23740(0000) GS:ffff8e7ad5600000(0000) knlGS:0000000000000000
kern	warn	192.243691	CPU(0)	CS:  0010 DS: 0000 ES: 0000 CR0: 0000000080050033
kern	warn	192.243693	CPU(0)	CR2: 00007e67c101eab0 CR3: 000000010743e000 CR4: 0000000000350ef0
kern	warn	192.243696	CPU(0)	Call Trace:
kern	warn	192.243700	CPU(0)	 <TASK>
kern	warn	192.243703	CPU(0)	 ? post_alloc_hook+0xcd/0x120
kern	warn	192.243720	CPU(0)	 get_page_from_freelist+0x1d1/0x610
kern	warn	192.243726	CPU(0)	 ? srso_alias_return_thunk+0x5/0xfbef5
kern	warn	192.243817	CPU(0)	 __alloc_pages+0x1e9/0x350
kern	warn	192.243828	CPU(0)	 alloc_pages_mpol+0x91/0x210
kern	warn	192.243834	CPU(0)	 ? __filemap_add_folio+0x2a2/0x4a0
kern	warn	192.243844	CPU(0)	 alloc_pages+0x5b/0xd0
kern	warn	192.243847	CPU(0)	 folio_alloc+0x15/0x40
kern	warn	192.243851	CPU(0)	 filemap_alloc_folio+0xf4/0x100
kern	warn	192.243858	CPU(0)	 page_cache_ra_unbounded+0x9b/0x1c0
kern	warn	192.243866	CPU(0)	 page_cache_ra_order+0x2a6/0x340
kern	warn	192.243870	CPU(0)	 ? srso_alias_return_thunk+0x5/0xfbef5
kern	warn	192.243874	CPU(0)	 ? xas_load+0x4c/0x60
kern	warn	192.243878	CPU(0)	 ? srso_alias_return_thunk+0x5/0xfbef5
kern	warn	192.243882	CPU(0)	 ? filemap_get_entry+0xe5/0x160
kern	warn	192.243885	CPU(0)	 ? srso_alias_return_thunk+0x5/0xfbef5
kern	warn	192.243890	CPU(0)	 do_sync_mmap_readahead+0x14a/0x2f0
kern	warn	192.243971	CPU(0)	 filemap_fault+0x4b3/0x8e0
kern	warn	192.243979	CPU(0)	 __do_fault+0x3d/0x190
kern	info	192.243963	Task(559)	vmwgfx 0000:00:0f.0: [drm] Fifo max 0x00040000 min 0x00001000 cap 0x0000077f
kern	info	192.243963	Task(559)	 SUBSYSTEM=pci
kern	info	192.243963	Task(559)	 DEVICE=+pci:0000:00:0f.0
kern	warn	192.243988	CPU(0)	 do_read_fault+0x133/0x200
kern	warn	192.243993	CPU(0)	 do_fault+0xf0/0x260
kern	warn	192.243996	CPU(0)	 handle_pte_fault+0x114/0x1d0
kern	warn	192.244002	CPU(0)	 __handle_mm_fault+0x654/0x800
kern	warn	192.244009	CPU(0)	 handle_mm_fault+0x18a/0x380
kern	warn	192.244013	CPU(0)	 do_user_addr_fault+0x169/0x670
kern	warn	192.244022	CPU(0)	 exc_page_fault+0x83/0x1b0
kern	warn	192.244069	CPU(0)	 asm_exc_page_fault+0x27/0x30
kern	warn	192.244072	CPU(0)	RIP: 0033:0x7e67c101eab0
kern	warn	192.244339	CPU(0)	Code: Unable to access opcode bytes at 0x7e67c101ea86.
kern	warn	192.244342	CPU(0)	RSP: 002b:00007ffc6a724418 EFLAGS: 00010202
kern	warn	192.244346	CPU(0)	RAX: 0000584d346fd0d8 RBX: 0000584d346fd040 RCX: 0000584d346fd210
kern	warn	192.244349	CPU(0)	RDX: 0000000000000000 RSI: 0000584d346fd0d8 RDI: 0000584d346fd020
kern	warn	192.244351	CPU(0)	RBP: 00007ffc6a724450 R08: 0000000000000004 R09: 0000000000000040
kern	warn	192.244353	CPU(0)	R10: 0000000000000001 R11: 0000000000000000 R12: 0000584d346fcf50
kern	warn	192.244355	CPU(0)	R13: 0000584d346fcea0 R14: 0000000000000001 R15: 00007e67c10fc000
kern	warn	192.244362	CPU(0)	 </TASK>
kern	info	192.372111	Task(559)	vmwgfx 0000:00:0f.0: [drm] Using command buffers with DMA pool.
kern	info	192.372111	Task(559)	 SUBSYSTEM=pci
kern	info	192.372111	Task(559)	 DEVICE=+pci:0000:00:0f.0
kern	info	192.381392	Task(559)	vmwgfx 0000:00:0f.0: [drm] Available shader model: SM_5_1X.
kern	info	192.381392	Task(559)	 SUBSYSTEM=pci
kern	info	192.381392	Task(559)	 DEVICE=+pci:0000:00:0f.0
kern	info	192.435941	Task(850)	NET: Registered PF_VSOCK protocol family
kern	info	192.440363	Task(559)	[drm] Initialized vmwgfx 2.20.0 20211206 for 0000:00:0f.0 on minor 0
kern	info	192.788957	Task(559)	fbcon: vmwgfxdrmfb (fb0) is primary device
kern	info	192.854630	Task(559)	Console: switching to colour frame buffer device 160x50
kern	info	192.857788	Task(559)	vmwgfx 0000:00:0f.0: [drm] fb0: vmwgfxdrmfb frame buffer device
kern	info	192.857788	Task(559)	 SUBSYSTEM=pci
kern	info	192.857788	Task(559)	 DEVICE=+pci:0000:00:0f.0
kern	warn	193.876185	Task(45)	kauditd_printk_skb: 109 callbacks suppressed
kern	notice	193.876193	Task(45)	audit: type=1400 audit(1763571713.118:121): apparmor="STATUS" operation="profile_replace" info="same as current profile, skipping" profile="unconfined" name="rsyslogd" pid=902 comm="apparmor_parser"
kern	info	194.996837	Task(1192)	NET: Registered PF_QIPCRTR protocol family
kern	info	195.368629	Task(1320)	loop0: detected capacity change from 0 to 8
kern	notice	195.750739	Task(45)	audit: type=1400 audit(1763571714.992:122): apparmor="STATUS" operation="profile_replace" profile="unconfined" name="/usr/lib/snapd/snap-confine" pid=1337 comm="apparmor_parser"
kern	notice	195.759259	Task(45)	audit: type=1400 audit(1763571715.001:123): apparmor="STATUS" operation="profile_replace" profile="unconfined" name="/usr/lib/snapd/snap-confine//mount-namespace-capture-helper" pid=1337 comm="apparmor_parser"
syslog	info	215.365721	Task(471)	systemd-journald[471]: /var/log/journal/5ea50f96896348a18ad483f71514c9a2/user-1000.journal: Journal file uses a different sequence number ID, rotating.
kern	warn	2311.102090	CPU(1)	workqueue: blk_mq_run_work_fn hogged CPU for >10000us 4 times, consider switching to WQ_UNBOUND
kern	info	2400.949139	CPU(3)	perf: interrupt took too long (4216 > 3743), lowering kernel.perf_event_max_sample_rate to 47000
kern	warn	2490.473832	Task(2669)	singularity: loading out-of-tree module taints kernel.
kern	notice	2490.473840	Task(2669)	singularity: module verification failed: signature and/or required key missing - tainting kernel
syslog	info	2500.670653	Task(471)	systemd-journald[471]: Received client request to rotate journal, rotating.
syslog	info	2500.697153	Task(471)	systemd-journald[471]: Vacuuming done, freed 0B of archived journals from /var/log/journal/5ea50f96896348a18ad483f71514c9a2.
